Name,Sequence,Direction
TXA0122901A15069_187_2MPLXID708,CTTGAGCGATTTTCGGATACCCT,F
TXA0122904A15069_187_6MPLXID712,GTATATGGCGGGCGTAGTAGATG,F
TXA0122903A15069_187_3MPLXID709,GCCTTACCCAACACCCTGAAC,F
TXA0122897A15069_187_1MPLXID707,GCTAGAGCTAGTCTTATCCGCTAT,F
TXA0122902A15069_187_8MPLXID714,TGGTACGGAGAATTCATGTCTG,F
TXA0122898A15069_187_4MPLXID710,GGTTATTTCATCGGCAAAATGGG,F
TXA0122899A15069_187_7MPLXID713,GTGCGATTGCATTCACCCATCTT,F
TXA0122900A15069_187_5MPLXID711,TTCCGAAAAGCCTCTGATCGAAT,F
TXA0122790AB013298_282_8MPLXID612,AACAAAAAGGCACGGTTGAGAAG,F
TXA0122792AB013298_282_2MPLXID606,AGCTGACAGATTTTCGATCCCTT,F
TXA0122788AB013298_282_13MPLXID617,CCTGGAATCATTTTGTTTACATCA,F
TXA0122783AB013298_282_11MPLXID615,GAAGACATGCGTGACGTTTCATT,F
TXA0122784AB013298_282_3MPLXID607,TGATTGCTCAAAAAACAAAACCA,F
TXA0122787AB013298_282_5MPLXID609,AGCACTTATAGACCAAATTGCTGAC,F
TXA0122793AB013298_282_10MPLXID614,GCAAATGGTGTAGGTAAGACAACT,F
TXA0122789AB013298_282_6MPLXID610,ACAAGAAGATGGCACAATAAGAG,F
TXA0122791AB013298_282_4MPLXID608,ATGAGTGGTGGTGAAAAAGCAAA,F
TXA0122785AB013298_282_7MPLXID611,AAAAACAAAGATTGTCCCAAGCC,F
TXA0122794AB013298_282_12MPLXID616,TGGGTTTAAATGAAGCACTTGAG,F
TXA0122786AB013298_282_1MPLXID605,GATGGGAGTAGCCTGTCTCATTT,F
TXA0122795AB013298_282_9MPLXID613,CCAATCATTGCACAAAATCTAACA,F
TXA0122809AB014481_222_2MPLXID619,GAAAAGGGCATTTCACACTAGAA,F
TXA0122811AB014481_222_1MPLXID618,ATTCATTATAACCACATTGGAGTGGG,F
TXA0122812AB014481_222_4MPLXID621,TGTCTTTGAAAGTGAAGCAACAG,F
TXA0122813AB014481_222_5MPLXID622,AGAATACTTTCATCCAAAGCCTA,F
TXA0122810AB014481_222_6MPLXID623,ACCAAGAATACAGCAAACTATTTACC,F
TXA0122808AB014481_222_3MPLXID620,TTAAGTTCCCAAACAACAAAGCA,F
TXA0122368AB020531_271_6MPLXID177,ACACACACCAGAAGAAGCAAGAA,F
TXA0122367AB020531_271_2MPLXID173,CGATACAGTTTAATGAATCAGGGCTT,F
TXA0122364AB020531_271_8MPLXID179,TGGGGAAGAAGGGTTAGAAGC,F
TXA0122363AB020531_271_1MPLXID172,TGGGCATGAGCTACACTATGATG,F
TXA0122365AB020531_271_3MPLXID174,ATGTGATGCCTAGAACAAAGGTA,F
TXA0122369AB020531_271_4MPLXID175,AAAGTTAGATGGTGTGCCAGCAG,F
TXA0122362AB020531_271_7MPLXID178,ACATGCCGGACATACTATGATTGA,F
TXA0122366AB020531_271_5MPLXID176,TGTTAGCAGAGCTTCATAGCATA,F
TXA0122642AB048591_272_3MPLXID454,TGCTCCTTCTGTATTCGATGCTC,F
TXA0122647AB048591_272_6MPLXID457,GCATAGAAACAGTCGTCGTCTCA,F
TXA0122646AB048591_272_1MPLXID452,CAATTGCTACATGCGCTCTTCAT,F
TXA0122643AB048591_272_2MPLXID453,GTCTTTGAAATCAGCGCATCC,F
TXA0122645AB048591_272_5MPLXID456,TACTGCTGCGAAGAGCAC,F
TXA0122644AB048591_272_4MPLXID455,AGCCCTTCATTCGGCAACAG,F
TXA0122648AB074437_2MPLXID459,TACTGACGCCTATCTGATTGACAC,F
TXA0122652AB074437_3MPLXID460,TCTCAATCTATTCCCACGTATGC,F
TXA0122651AB074437_1MPLXID458,GCCGCAGGAGCGTCTTT,F
TXA0122650AB074437_4MPLXID461,AGGCCCAGGGCACACT,F
TXA0122649AB074437_5MPLXID462,TCTAGATGACGCAAATGTTGAAG,F
TXA0122378AB263754_319_1MPLXID180,CGACGCTGCCGAACAG,F
TXA0122382AB263754_319_8MPLXID187,GCTGCCCAGCGAAAACG,F
TXA0122376AB263754_319_4MPLXID183,GAACCGATGACGAAGCACAG,F
TXA0122383AB263754_319_7MPLXID186,CCAGCGACAGCAGCAC,F
TXA0122375AB263754_319_3MPLXID182,CACCAGCCACCACAGG,F
TXA0122380AB263754_319_9MPLXID188,GAGGCGAATGCGAAGAAC,F
TXA0122379AB263754_319_6MPLXID185,CAGCAGCGCAGCCATC,F
TXA0122374AB263754_319_2MPLXID181,CCGCTGAATTCGGACACC,F
TXA0122377AB263754_319_5MPLXID184,GTCATGAAGATGTAGACGCCGAA,F
TXA0122381AB263754_319_10MPLXID189,GACGAAGAAGCCGTAGATGTCC,F
TXA0122823AB430839_330_4MPLXID645,GCCTTCATCAAGAAGTCGAACCT,F
TXA0122825AB430839_330_2MPLXID643,TTCCACGAATGCGATTTTTCCG,F
TXA0122824AB430839_330_3MPLXID644,GACATCAGCATGTGCCACTTCA,F
TXA0122822AB430839_330_5MPLXID646,GTTCGAAGGCATCGACTGGAA,F
TXA0122821AB430839_330_1MPLXID642,CCGCGGGCCTTTGGAT,F
TXA0122329AB443628_2MPLXID126,ATAATGTCTATTGGCAGAAACGG,F
TXA0122336AB443628_8MPLXID132,ACCGCTTACGAAAAAATCGAAGG,F
TXA0122320AB443628_7MPLXID131,CGTTTGGTCTGCTGTTGTTTACC,F
TXA0122328AB443628_12MPLXID136,CATCGCTGCTGGAAAAAACCAG,F
TXA0122323AB443628_16MPLXID140,TGTTTACATTGTTGATCTGTTGA,F
TXA0122326AB443628_6MPLXID130,CGGCCGAGGAACCTGATATTG,F
TXA0122333AB443628_15MPLXID139,GTCGGAGGCAAAAGCCTAAGTA,F
TXA0122334AB443628_1MPLXID125,ATCCGGAGTTTGTTGATGGAAAC,F
TXA0122330AB443628_10MPLXID134,GGCTACGCATTCGTTCGGTAAG,F
TXA0122322AB443628_4MPLXID128,TGAGGAATAGGAATTATGGATGAACA,F
TXA0122321AB443628_3MPLXID127,GGCAGAGAAGACACTGATCGAAT,F
TXA0122327AB443628_5MPLXID129,GTTGTTATTGCCCAGCGGTGTA,F
TXA0122332AB443628_17MPLXID141,TATGATCTGATCCTGTGGGGTGT,F
TXA0122335AB443628_14MPLXID138,GGTGCTGCACTGTTGGTTTTTTA,F
TXA0122324AB443628_11MPLXID135,GCTGTTTTGTCAAACCCGAAGG,F
TXA0122331AB443628_9MPLXID133,ACGGCCAAGGCAAGTATTTCTAC,F
TXA0122325AB443628_13MPLXID137,TTTTCTCCGCCGTATTCGGTT,F
TXA0122605AB601890_201_6MPLXID415,TGATTTTAAGCCAGCTCCAAACG,F
TXA0122601AB601890_201_3MPLXID412,GCAAAATCTGCAAAGCCGTTACT,F
TXA0122603AB601890_201_2MPLXID411,TTTCAACATTAAAGACTCACAGAA,F
TXA0122600AB601890_201_5MPLXID414,ACCTTTTTTAAAGTATGCGGGTG,F
TXA0122602AB601890_201_8MPLXID417,TTAAAAGAAAGCCGAATTAATGATG,F
TXA0122606AB601890_201_1MPLXID410,AGGCTTCTTTCATTTTTAAATTTCCG,F
TXA0122607AB601890_201_4MPLXID413,CATTCCATTTAACATAACGGCAAGT,F
TXA0122604AB601890_201_7MPLXID416,GCATGCTTGGAAAGATTTTTTAGCC,F
TXA0122874AF002716_204_4MPLXID685,TTGCTTTTGATAGTCAAGCGAAATA,F
TXA0122875AF002716_204_6MPLXID687,TCTGTATTGATTGTACTTGAAAGGC,F
TXA0122877AF002716_204_3MPLXID684,ATGTCATGCCACGAAAAAAGCAG,F
TXA0122876AF002716_204_5MPLXID686,TTTAGGTTTGCTGTTAATGGTGG,F
TXA0122873AF002716_204_1MPLXID682,GAGAGATTTCATTATCAACCAAACCA,F
TXA0122872AF002716_204_2MPLXID683,ACATCTAAAAAGCATGTAAAGGAA,F
TXA0122344AF090141_3MPLXID154,AACGGCAGAATCGCTTCCAATAA,F
TXA0122348AF090141_7MPLXID158,TCCCATGCAAGTCAGTTCG,F
TXA0122342AF090141_4MPLXID155,ACGACCATACAGGTGCATTACAG,F
TXA0122347AF090141_5MPLXID156,CCGGATAAAACATTGAAAGATCAGGA,F
TXA0122346AF090141_2MPLXID153,ATATGCCCAAAGAATGGAACCAG,F
TXA0122343AF090141_6MPLXID157,TGATAGCTAATATGCCCTCCGTT,F
TXA0122345AF090141_1MPLXID152,GGGGAGTGGTAAAAGATGAAATG,F
TXA0122469AF148850_3MPLXID279,CCAATCTGCTACTGGCCACC,F
TXA0122471AF148850_2MPLXID278,AGCAAATTAAACTAAGCGAAAGCC,F
TXA0122467AF148850_1MPLXID277,GCTTATGCGTTATATTCGCCTGTG,F
TXA0122470AF148850_5MPLXID281,CCGGCGGGCTGGTTTATC,F
TXA0122468AF148850_4MPLXID280,GTCTGAGCGCCCGTTCG,F
TXA0122371AF169041_159_1MPLXID190,TGATGTTATGGAGCAGCAACGAT,F
TXA0122373AF169041_159_4MPLXID193,AGCCTTATTGAAAAAGCAGATATAA,F
TXA0122372AF169041_159_2MPLXID191,TCAGTAAAAGGTGAGCAACTACTCT,F
TXA0122370AF169041_159_3MPLXID192,TGCAGTAGTGTCAAAGAACGGAA,F
TXA0122393AF174129_5MPLXID198,TTGCAGTACAGCGACAATACC,F
TXA0122395AF174129_6MPLXID199,CTTTTGCCCGCGCGAT,F
TXA0122396AF174129_1MPLXID194,TATACCCGAGGCGCGACAG,F
TXA0122392AF174129_3MPLXID196,CTCATCGATACCGCAGATAATAC,F
TXA0122398AF174129_4MPLXID197,TTAAGCAGAGTGAAACGCAAAAG,F
TXA0122394AF174129_7MPLXID200,GGCGATGGCACAGACGTT,F
TXA0122391AF174129_2MPLXID195,TTGAGATGGTGACAAAGAGAGTG,F
TXA0122397AF174129_8MPLXID201,GTCGTGGACTGCAGGTGATAA,F
TXA0122475AF180952_8MPLXID289,CCGGCTATTTCAAATCGGGTGAG,F
TXA0122477AF180952_6MPLXID287,GGTGTGAGCTATGAAGATGCGAT,F
TXA0122472AF180952_3MPLXID284,GTTAGCGGCAAAACAGCCTC,F
TXA0122476AF180952_9MPLXID290,GTTACCGCCACAGGAAAATGTG,F
TXA0122479AF180952_7MPLXID288,GCACGTCAATATGGAGATTTTGGG,F
TXA0122473AF180952_1MPLXID282,CGTGCAAGACCCCAAATATATCC,F
TXA0122480AF180952_2MPLXID283,ATGGCTGCCAATATCGATGAGAG,F
TXA0122474AF180952_5MPLXID286,AACACCACACAGCTGATGACTTA,F
TXA0122478AF180952_4MPLXID285,AAAGCGTTAGCCACTATGTTCCA,F
TXA0122776AF197943_1MPLXID580,CCCATTTCAAAGGTCCGCTCTAT,F
TXA0122775AF197943_3MPLXID582,ATGCTTATTGGAAAACGCTTGGG,F
TXA0122773AF197943_5MPLXID584,CTTTGTGTACTTCCCAGCAGAGC,F
TXA0122774AF197943_4MPLXID583,TCTGCCGGATACTGTTTTTCCTG,F
TXA0122772AF197943_2MPLXID581,CTGAGACTGCTGAAACTCTTTAT,F
TXA0122857AF227520_264_5MPLXID668,TCCGTTTGGGAACTAAATGCTA,F
TXA0122856AF227520_264_7MPLXID670,AATGGAACACCTGTGCATATTTC,F
TXA0122859AF227520_264_9MPLXID672,ATCATGTCTCTTGCTATGCCAAT,F
TXA0122861AF227520_264_6MPLXID669,AAGAGAAATGCAAGAAGGAATGG,F
TXA0122860AF227520_264_1MPLXID664,GTGGATTTAGGCCTGCATTTTTT,F
TXA0122855AF227520_264_2MPLXID665,TGCAAATGGCGATTATTTTTTACC,F
TXA0122854AF227520_264_4MPLXID667,CGGCTCTCAATGCGGTTA,F
TXA0122862AF227520_264_8MPLXID671,CAGGATTACTTCCCCAAAGTGGAT,F
TXA0122858AF227520_264_3MPLXID666,GTGGATCGTCATGATAGGAAGAA,F
TXA0122779AF275256_6MPLXID592,GAATTCGTGCTAGTGTTCCTGCT,F
TXA0122781AF275256_4MPLXID590,CGGTCCTGAGGGGATGACTAAA,F
TXA0122782AF275256_2MPLXID588,ACAGGATCGGGTAATACATTTGGG,F
TXA0122778AF275256_1MPLXID587,TGTTTGTTTAGCTTTGTCGGCAT,F
TXA0122780AF275256_3MPLXID589,AAAGGCTCAGGTATGACATTAGG,F
TXA0122777AF275256_5MPLXID591,ACTAGCTTTGGGGAATGTTCTCA,F
TXA0122194AF290912_2MPLXID1,GTGGTTCTTGTAAATACTGAGGC,F
TXA0122192AF290912_3MPLXID2,GTGGAACGCGGCTATAAAATAAA,F
TXA0122190AF290912_5MPLXID4,TCGGTGGTTGTTTTGTTAAACCG,F
TXA0122193AF290912_1MPLXID0,GCAGCAGAGTCTTTGCCAGATTT,F
TXA0122191AF290912_4MPLXID3,CTATCCCCACGTATGCATCTGAA,F
TXA0122484AF297554_7MPLXID297,GAGTGTATGGCACGGCAAATGAC,F
TXA0122485AF297554_4MPLXID294,AATATCTGACAACAGGCATGACG,F
TXA0122487AF297554_3MPLXID293,CCCACTGTGCAGCTCATTCA,F
TXA0122481AF297554_6MPLXID296,TACAAAAACTGACACTGGGCTCT,F
TXA0122482AF297554_1MPLXID291,CTGTAGCGGCCTGATTACATCC,F
TXA0122483AF297554_5MPLXID295,CGATACCACGTTCCGTCTGG,F
TXA0122486AF297554_2MPLXID292,CGCGGAACCATTCGCTAAAC,F
TXA0122491AF309824_6MPLXID303,CTTCCGGCTGGCTGGTTTA,F
TXA0122490AF309824_3MPLXID300,CGGTATTATCCCGTGTTGACG,F
TXA0122488AF309824_2MPLXID299,CTGGTGAAAGTAAAAGATGCTGA,F
TXA0122493AF309824_5MPLXID302,GCAAACTATTAACTGGCGAACTA,F
TXA0122489AF309824_1MPLXID298,TGAGACAATAACCCTGATAAATGCT,F
TXA0122492AF309824_4MPLXID301,ATAACACTGCGGCCAACTTACT,F
TXA0122290AF319779_195_7MPLXID105,ACAGTCAAAACAGCTATGAAGTC,F
TXA0122292AF319779_195_1MPLXID99,GAATTCAAGTATTCACCTGTAAGAA,F
TXA0122291AF319779_195_6MPLXID104,CTGAAAGTTTTTTGCCACCACCA,F
TXA0122294AF319779_195_4MPLXID102,AAATGTCGAATATTTTCTATGCGGTT,F
TXA0122295AF319779_195_5MPLXID103,AACCCATTGACAGTACTTTATCA,F
TXA0122293AF319779_195_3MPLXID101,GCCATTGAAAACGATGTTGCATT,F
TXA0122289AF319779_195_2MPLXID100,ACGGGTCAGCACTTTACTATTGA,F
TXA0122653AF326355_1MPLXID463,GCGCTTCATTCACGCACTATTAC,F
TXA0122655AF326355_3MPLXID465,ACGAGCGGGTTTTCCTAAAGATT,F
TXA0122654AF326355_2MPLXID464,TTGAGAAGCTAGAGCGCGAAAAA,F
TXA0122496AF332662_229_5MPLXID308,CTGATCGGCGAGTTTTTCGGATG,F
TXA0122501AF332662_229_4MPLXID307,CATGCTGGTGGCGACGTT,F
TXA0122500AF332662_229_2MPLXID305,GCTTCACTGGCGATGGATATTTA,F
TXA0122495AF332662_229_8MPLXID311,CGTCATTCCTCACCTTCATCC,F
TXA0122502AF332662_229_3MPLXID306,TTTGGTCCGCTCTCAGACAGAAT,F
TXA0122494AF332662_229_7MPLXID310,GCTTTGCCTTCGCCACT,F
TXA0122499AF332662_229_1MPLXID304,TAGTCTCATCTGATTGCTGACG,F
TXA0122497AF332662_229_6MPLXID309,CGATCTGTCTTGCCGATCTTC,F
TXA0122498AF332662_229_9MPLXID312,AAAGCCTGATAGTCAGCATTGTC,F
TXA0122281AF369871_5MPLXID92,CGCTTCGGTCCAGTAGAACTCTT,F
TXA0122280AF369871_2MPLXID89,GTGAGTATCCGACAGTCAGCGAA,F
TXA0122282AF369871_4MPLXID91,CGGCGTTGATGTCCTTCGG,F
TXA0122278AF369871_1MPLXID88,TCGCCCTAAAACAAAGTTATGCC,F
TXA0122283AF369871_3MPLXID90,CGTGATGGTGATGAGTTGCTTTT,F
TXA0122279AF369871_6MPLXID93,ATTTATGAGTTGTCACGCACGTC,F
TXA0122868AF376746_266_2MPLXID674,ATCCTGCAAATGGCGATTATTTT,F
TXA0122865AF376746_266_7MPLXID679,AGCATGGAACACTTTAATGGAAC,F
TXA0122871AF376746_266_1MPLXID673,CTGCATTTTTTATTGCCTAGAATGC,F
TXA0122864AF376746_266_8MPLXID680,CCGTTTCGGGAATACTTCCTCC,F
TXA0122866AF376746_266_4MPLXID676,CTTTTCATACCCCAGCACTCAAT,F
TXA0122867AF376746_266_3MPLXID675,GAAGATAATGATTGGTGCCGATT,F
TXA0122869AF376746_266_5MPLXID677,CACTCTTATACTCCGTTTGGGAT,F
TXA0122863AF376746_266_6MPLXID678,AGATGAAAGAAGGAGTTGTGGTT,F
TXA0122870AF376746_266_9MPLXID681,ATCATGTCACTTGCTATGCCAAT,F
TXA0122919AF512546_188_8MPLXID729,CATCTCGCAGAGAGGGAGGA,F
TXA0122918AF512546_188_9MPLXID730,TAGTGTGGAACAGTATGTCATCG,F
TXA0122912AF512546_188_7MPLXID728,GCGTGGTGGATGGAATGGTT,F
TXA0122917AF512546_188_2MPLXID723,CGCCCGAATTGTCGGCAT,F
TXA0122914AF512546_188_3MPLXID724,TTAATGCGATTGGTTTGGAATGT,F
TXA0122920AF512546_188_1MPLXID722,GCGAAGCGAAAGTATGACGATTT,F
TXA0122915AF512546_188_4MPLXID725,TATGGCTCAGTGCTGATTTGGG,F
TXA0122916AF512546_188_5MPLXID726,TGACTCAGTTGTTGACGTCCATT,F
TXA0122913AF512546_188_6MPLXID727,TTCCGAAAAGCCTCTGATCGAAT,F
TXA0122385AF518567_1MPLXID202,ACACACGTGGAATTTAGGCTTCA,F
TXA0122388AF518567_3MPLXID204,CATGTGCAGCACCAGTAAAGTGA,F
TXA0122384AF518567_2MPLXID203,CTGTGTTTCGCTGCTGTTGG,F
TXA0122387AF518567_4MPLXID205,CTACAACCCCATTGCGGAAAAAC,F
TXA0122386AF518567_5MPLXID206,GCATTTGCCCGTACGATTGG,F
TXA0122390AF518567_7MPLXID208,ATCGTGGGTTGTCGGGGATAAAA,F
TXA0122389AF518567_6MPLXID207,GCAATCTGACGTTGGGCAAT,F
TXA0122743AJ009818_129_4MPLXID551,ATTGGCAATGACGTTTGGATCG,F
TXA0122744AJ009818_129_3MPLXID550,GATCATCGGTAGTTTCTGCTCTA,F
TXA0122742AJ009818_129_5MPLXID552,AGATTAAGAAACGCTTCACCGAT,F
TXA0122745AJ009818_129_1MPLXID548,GCCTAACAATTCGTCCAAGC,F
TXA0122746AJ009818_129_2MPLXID549,CAAGTGAAGAACCCCAATATCAA,F
TXA0122879AJ223970_269_1MPLXID688,CTGCGGCTGCACGAGG,F
TXA0122880AJ223970_269_3MPLXID690,CCGAACCCAAGCTGTGGAAC,F
TXA0122883AJ223970_269_7MPLXID694,GAAGGTCGTCCTCGTCTCG,F
TXA0122882AJ223970_269_2MPLXID689,CACGATCCCGCTCATATCG,F
TXA0122878AJ223970_269_5MPLXID692,CTGGGAGGGGTACGAGG,F
TXA0122884AJ223970_269_6MPLXID693,CTGAAGGAGAACGGGATCA,F
TXA0122881AJ223970_269_4MPLXID691,GCACGACATCACCTCCTACC,F
TXA0122885AJ223970_269_8MPLXID695,GTACCGGAGAACGTGGAG,F
TXA0122197AJ243491_1MPLXID5,TTGATGTTATGGAGCAGCAACGA,F
TXA0122195AJ243491_4MPLXID8,CAATCTATTCCCACGTATGCATCT,F
TXA0122200AJ243491_6MPLXID10,TGACGCAAATTTAGAAGCTTGGC,F
TXA0122198AJ243491_2MPLXID6,TCGAGAAGCTTGAAGAAGGTGTT,F
TXA0122199AJ243491_3MPLXID7,ACTGACGCCTATCTGATTGACAC,F
TXA0122196AJ243491_5MPLXID9,ACACTCAAGATAACGTAGTGGTT,F
TXA0122741AJ310778_161_2MPLXID554,CGCGATTTACGCGGATTTCTAAAG,F
TXA0122740AJ310778_161_1MPLXID553,AGCAATATCTGGAACAACCAGCA,F
TXA0122738AJ310778_161_4MPLXID556,TCTTTCATCAGCAACGAAACTGC,F
TXA0122739AJ310778_161_3MPLXID555,TCGTGATCTCCTCGACGTTAAAA,F
TXA0122301AJ311171_374_4MPLXID120,TCATTGCTCCAATTTGAAAACCTG,F
TXA0122305AJ311171_374_5MPLXID121,CCGTTGTTAAATGGATTCGCAACT,F
TXA0122306AJ311171_374_2MPLXID118,GCTTGTGCTTCTGTTGCGTAAAC,F
TXA0122307AJ311171_374_7MPLXID123,TCCCAAACAACTGTGTCATTTTTCA,F
TXA0122302AJ311171_374_6MPLXID122,AAGTACCTGTTTCTTCGACTTCA,F
TXA0122303AJ311171_374_3MPLXID119,TGCAAAAGGTGGCATTAGGTGA,F
TXA0122308AJ311171_374_8MPLXID124,AAAGTTTACGCCCATAGGTAGCG,F
TXA0122304AJ311171_374_1MPLXID117,GAAGACGTTTACCCCGCCTT,F
TXA0122399AJ313522_156_3MPLXID211,ATAGGAAATACGCGGTCGTTACC,F
TXA0122402AJ313522_156_2MPLXID210,GATTGGTTGCGGTCCAGACATAC,F
TXA0122400AJ313522_156_4MPLXID212,AAACATTACCCATGGCCTCTACG,F
TXA0122401AJ313522_156_1MPLXID209,CTCGATCTTTTGGCTCGTGTCG,F
TXA0122696AJ420864_2MPLXID503,TTGAGAAGCTTGAAGAGGGTGTT,F
TXA0122693AJ420864_3MPLXID504,ACGCCTATCTAATTGACACTCCA,F
TXA0122694AJ420864_1MPLXID502,TGATGTTATGGAGCAGCAACGAT,F
TXA0122695AJ420864_6MPLXID507,TGGCCAAAGTCCGCAAAAATA,F
TXA0122697AJ420864_5MPLXID506,CGGCCCAGGACATACTCAAGAT,F
TXA0122692AJ420864_4MPLXID505,TATTCCCACGTATGCATCTGAGT,F
TXA0122657AJ536835_6MPLXID471,GGGTAATGTTGCCGATGCCAAT,F
TXA0122656AJ536835_5MPLXID470,CTTCGGTCCCGTAGAGGTTTTC,F
TXA0122661AJ536835_1MPLXID466,TCGCCCTAAAACAAAGTTATCGC,F
TXA0122659AJ536835_4MPLXID469,ATTTCTACGCACTTCCATGACGA,F
TXA0122660AJ536835_3MPLXID468,CGGTGTACTCGTCTAATGGACTT,F
TXA0122658AJ536835_2MPLXID467,GCGGTGAATATCCGACAGTAGATG,F
TXA0122828AJ549214_228_1MPLXID631,AGGTTTATGGTGAAAGCAGTGGA,F
TXA0122832AJ549214_228_6MPLXID636,CTACGCGTTACCGACAATTAAAC,F
TXA0122836AJ549214_228_2MPLXID632,AAAAAGGGGTTCTACTAGGCTTT,F
TXA0122826AJ549214_228_3MPLXID633,AAGTGAGTTGGATAGTTAGTGGT,F
TXA0122833AJ549214_228_7MPLXID637,CTTCGTTCTCATCGTTAACTAGC,F
TXA0122835AJ549214_228_4MPLXID634,GCAAGTGGTAGTCTTTTATGTGC,F
TXA0122830AJ549214_228_9MPLXID639,GGCTGTTGCAATCTTATCTCCCT,F
TXA0122831AJ549214_228_11MPLXID641,GCAGGTATGATTGGAGCATTATT,F
TXA0122827AJ549214_228_5MPLXID635,TTGGGAATTATCGCAGGAAGTAT,F
TXA0122834AJ549214_228_8MPLXID638,TCGATGTTTGCTTATTTCGCTGT,F
TXA0122829AJ549214_228_10MPLXID640,CCTCGGAGTAGGGATTGCTTTTG,F
TXA0122671AJ620678_2MPLXID473,CAGGGTCATAAACCGCTAGAAG,F
TXA0122673AJ620678_1MPLXID472,TTTGATGTTATGGAGCAGCAAC,F
TXA0122670AJ620678_3MPLXID474,AGCCTATATTATCGACACACCTT,F
TXA0122672AJ620678_5MPLXID476,AGCTCTACTATCCAGGTGCT,F
TXA0122669AJ620678_4MPLXID475,CTGCTGGTATCAAGTTGCTAAAT,F
TXA0122668AJ620678_6MPLXID477,TAGCTCTTGGGCTGACTCAATTA,F
TXA0122748AM237806_168_3MPLXID559,GGAATTTCACACCTTCCTGAAAACG,F
TXA0122747AM237806_168_1MPLXID557,GCTGCGCAAAAGTGTTCCATAAA,F
TXA0122750AM237806_168_2MPLXID558,AATGGCCCAGATATTCCATGGTC,F
TXA0122749AM237806_168_4MPLXID560,TCTTATTGAAAGTGCTGATACCATCC,F
TXA0122909AM260957_274_6MPLXID720,GTCATGGTCAAATCGGACGGTA,F
TXA0122911AM260957_274_3MPLXID717,TACTCGACTATTTCCGCAGTCG,F
TXA0122905AM260957_274_7MPLXID721,CGACCTCCTCGGTCACTACG,F
TXA0122906AM260957_274_1MPLXID715,TGCTCCATCAGTTTATAACATACGC,F
TXA0122908AM260957_274_5MPLXID719,GATGCCGTACGAGAGAACTGG,F
TXA0122907AM260957_274_2MPLXID716,GCCTCGATTTCCAAGTTGCTTT,F
TXA0122910AM260957_274_4MPLXID718,ATTCTCCGGTCTATGTTGAAACG,F
TXA0122620AM420303_4MPLXID427,GATTGCGGAAAAGCACGTCGAT,F
TXA0122617AM420303_7MPLXID430,GGCTATGGCACCACCAA,F
TXA0122618AM420303_6MPLXID429,GTAATCTGACGCTGGGTAAAGCA,F
TXA0122619AM420303_5MPLXID428,TAGCGTCACCGCGTTC,F
TXA0122614AM420303_3MPLXID426,GATGTGCAGCACCAGTAAAGTGA,F
TXA0122616AM420303_1MPLXID424,AGGCGTTTTGACAGACTATTCAT,F
TXA0122615AM420303_2MPLXID425,TACAGCAAAAACTTGCCGAATTA,F
TXA0122925AY055428_335_5MPLXID735,GCATACAGCTTCGCCATTAGTTC,F
TXA0122936AY055428_334_5MPLXID742,ATTGACGGCCACGCTTT,F
TXA0122922AY055428_335_1MPLXID731,GGTGAGATTGATGTGTTCCCAG,F
TXA0122935AY055428_334_1MPLXID738,GAAAAGGTGTCCGCAATGAGA,F
TXA0122921AY055428_335_2MPLXID732,GTTGCTCCTCTTCTCCATCC,F
TXA0122923AY055428_335_6MPLXID736,CAACATCAGATTGTTCTCACGAC,F
TXA0122927AY055428_335_3MPLXID733,CCGGATCGTAGAACATATTGGC,F
TXA0122926AY055428_335_7MPLXID737,ATCCCTTGACGATTGCAGGA,F
TXA0122933AY055428_334_4MPLXID741,TACTCTTGTCCTCGTCCGGTAA,F
TXA0122938AY055428_334_2MPLXID739,ACATTGAATAGGACAGCGAAGGC,F
TXA0122924AY055428_335_4MPLXID734,GCTCATCATTTGATCGGCTATAATC,F
TXA0122937AY055428_334_6MPLXID743,CGACCTTTGAGCCAAATGAG,F
TXA0122934AY055428_334_3MPLXID740,GTGCATTGAAGAGTTTTAGGGTC,F
TXA0122708AY128093_50_1MPLXID518,ACGATTGACATTGATCTGGCTA,F
TXA0122709AY128093_50_2MPLXID519,GAAACCTTAACGCTATGGAACTC,F
TXA0122710AY128093_50_3MPLXID520,GCAGTAACCGGCAGAATCG,F
TXA0122752AY204504_53_2MPLXID562,GAGCCTGTAGGACTCTATGTG,F
TXA0122753AY204504_53_1MPLXID561,CATGCAGGGTGGTGTGGG,F
TXA0122754AY204504_53_5MPLXID565,CGAGCATTTCAACTATTGCCTCG,F
TXA0122751AY204504_53_3MPLXID563,TAATCCCAGATGATCGCCTCC,F
TXA0122755AY204504_53_4MPLXID564,GTTCGCAGTCAAGTAACTCATC,F
TXA0122403AY259086_5MPLXID217,GCTTCCTTGATGGGCTCAGAT,F
TXA0122405AY259086_4MPLXID216,GCTCGGCTTATATCTCAGGTTGC,F
TXA0122407AY259086_3MPLXID215,GCGCGATGCCAGTTTCAAG,F
TXA0122406AY259086_1MPLXID213,AAAGGTGGTTTATACTTCCTATACCC,F
TXA0122404AY259086_2MPLXID214,GCCGCTTTTATCAGTGTGACTTC,F
TXA0122662AY341249_4MPLXID481,GTGGTCGAGCGATCTGACAAAG,F
TXA0122666AY341249_2MPLXID479,ATGTCGACTTGCCCTACAATCT,F
TXA0122664AY341249_3MPLXID480,TTGAAAATCTGGGTACGCAAACG,F
TXA0122665AY341249_6MPLXID483,TGCATGATAAAGCCGAAGGAACT,F
TXA0122663AY341249_1MPLXID478,CACAGTCCTCTTGATGGAGAAGT,F
TXA0122667AY341249_5MPLXID482,TGATTTGAAACAAGGCAAGGTCT,F
TXA0122771AY354402_2MPLXID586,CTGCCATATTTCCCCTGTTGACT,F
TXA0122770AY354402_1MPLXID585,TGTTATGCCGTTGAAAAATACGGTT,F
TXA0122726AY458224_52_2MPLXID534,TTGCTGGCCGTGCATTTGTA,F
TXA0122723AY458224_52_3MPLXID535,CGATCTCTTGGAGGTTTCAGCTT,F
TXA0122720AY458224_8_3MPLXID531,GTTGACGAGCAAAAAGTCATTGG,F
TXA0122721AY458224_8_1MPLXID529,GGCAGTCGCCCTAAAACAAAGT,F
TXA0122727AY458224_52_1MPLXID533,GCTGCGCTACGGCAAATC,F
TXA0122728AY458224_52_6MPLXID538,GATCGCGCCAAAGGATGTTG,F
TXA0122724AY458224_52_4MPLXID536,CAAAGACATCCTTGCGGGCATC,F
TXA0122722AY458224_8_2MPLXID530,CGAGGCATTCAACGACCAAGATA,F
TXA0122725AY458224_52_5MPLXID537,ACTGGCCGATACTCTGAAGCTA,F
TXA0122719AY458224_8_4MPLXID532,GAAGGCATAGCTACAGCTCTAAT,F
TXA0122598AY487229_198_5MPLXID408,GCCTGGCGCGAAAGGTT,F
TXA0122596AY487229_198_6MPLXID409,GACCGTCGTGCGTATCAGG,F
TXA0122597AY487229_198_1MPLXID404,ATCCTCACTTCTCTCGGACCTTC,F
TXA0122599AY487229_198_2MPLXID405,CTCGCACACAGCGGGTC,F
TXA0122594AY487229_198_4MPLXID407,AACCTGCCGTTCCATCTGAC,F
TXA0122595AY487229_198_3MPLXID406,GACCGTTGACCGCCAT,F
TXA0122715AY552589_163_3MPLXID527,AAGACATTTGAGTCCATAGGCAA,F
TXA0122717AY552589_163_4MPLXID528,CGAACACGGCAAAGAACTCTACG,F
TXA0122716AY552589_163_2MPLXID526,GGAAAATCCCAGGTGAGCAGAAG,F
TXA0122718AY552589_163_1MPLXID525,CGGAATCGGTCCGCATTTATCT,F
TXA0122355AY780889_2MPLXID160,CATTTTTCTCACAGGCCAATACA,F
TXA0122353AY780889_7MPLXID165,AAAACTGGTAGTTGCGGAGCATA,F
TXA0122349AY780889_1MPLXID159,ATCGCCCTCTGTTGAAAGTTAAT,F
TXA0122350AY780889_6MPLXID164,CCCTTGCTCTGGGTAACATACTT,F
TXA0122352AY780889_4MPLXID162,GAGTTCTATTCACCCATCACAACTA,F
TXA0122351AY780889_5MPLXID163,AATTCATGCGGTCGATTGGAGAT,F
TXA0122354AY780889_3MPLXID161,GCTTTAGACACTGGCTCAGGTAAA,F
TXA0122624AY870398_2MPLXID432,CAATGACGCTGGCAGAACTGA,F
TXA0122622AY870398_3MPLXID433,CACTGAACCTACGCTGAATACCG,F
TXA0122621AY870398_4MPLXID434,TGGCTCAAAGGCAATACGA,F
TXA0122623AY870398_1MPLXID431,AACACGGATTGACCGTATTGGGA,F
TXA0122853AY894138_216_7MPLXID662,AGACACCCTTCAAAAATATCACTCA,F
TXA0122850AY894138_216_5MPLXID660,AGTGGAATATGGATTTGCTAAAAGGT,F
TXA0122851AY894138_216_8MPLXID663,TCCAAAAACCAATTTTATCAAGCC,F
TXA0122848AY894138_216_4MPLXID659,GAGAACTTCCAGGTTATCAATAAAG,F
TXA0122849AY894138_216_1MPLXID656,ACACAGTTCATTATCAACCAAACA,F
TXA0122852AY894138_216_6MPLXID661,TCCCTAGAGAATACTTTCATCCAA,F
TXA0122847AY894138_216_3MPLXID658,TGTAACCGCCATTGAAATAGATCCT,F
TXA0122846AY894138_216_2MPLXID657,AGTCAAAACTTTATTACTTCAAAGC,F
TXA0122284CP000462_3MPLXID96,CGATCTCACCATGGCCGATT,F
TXA0122287CP000462_1MPLXID94,GGATCCGGCAGAAATGTTACACG,F
TXA0122286CP000462_2MPLXID95,GTTTCATCGGCTGCAACTTCTC,F
TXA0122288CP000462_4MPLXID97,AACCAGATCACCGTCAAGAGCTA,F
TXA0122285CP000462_5MPLXID98,TGGCGGGCTCCGATCT,F
TXA0122550CP000647_259_2MPLXID359,CCGCTGCCGAACTACCAG,F
TXA0122557CP000647_260_11MPLXID376,TAGTGCTCGACAGCAATACCC,F
TXA0122561CP000647_260_16MPLXID381,CGCTGATGATCGCCTTTATTTTA,F
TXA0122562CP000647_260_10MPLXID375,GCCTGCGCGCCAACAATA,F
TXA0122552CP000647_259_5MPLXID362,GAAGCGCAAATAAAGCGTAACCA,F
TXA0122555CP000647_259_7MPLXID364,CGACGCCGGAAAAAGTGAATG,F
TXA0122563CP000647_260_14MPLXID379,AAGGACCACACATACCTTACAGC,F
TXA0122567CP000647_260_6MPLXID371,GAAGAGGTAATGGCGATCCTG,F
TXA0122570CP000647_260_12MPLXID377,GTCTGGTTGCCCTACACCAC,F
TXA0122566CP000647_260_13MPLXID378,ATGAAGGCTACGACAGTGAAA,F
TXA0122554CP000647_259_3MPLXID360,TGGCGATAAGGTTAAAAAGGATCA,F
TXA0122571CP000647_260_4MPLXID369,CCATCTGCTGTCCCATCTG,F
TXA0122569CP000647_260_3MPLXID368,GCAGCTGGATGGCGATG,F
TXA0122564CP000647_260_8MPLXID373,TCAGTTTACCAGCGGCTTTC,F
TXA0122551CP000647_259_6MPLXID363,CTCAGCACCATGCTGGTTAAAG,F
TXA0122553CP000647_259_1MPLXID358,GATAGAATCACCGCCTGGAGC,F
TXA0122565CP000647_260_1MPLXID366,GTGGTGCAAGGTCTGGAAGAG,F
TXA0122549CP000647_259_4MPLXID361,AAGTGACTCTGGCCCGTCA,F
TXA0122568CP000647_260_5MPLXID370,AACCGTCACAGTTGTCTGG,F
TXA0122560CP000647_260_7MPLXID372,GTCGAGATCCGCGATGG,F
TXA0122558CP000647_260_15MPLXID380,CAGCAGTTTCTCATTGAAGCG,F
TXA0122548CP000647_259_8MPLXID365,TGGGCGACGCGGTAGG,F
TXA0122556CP000647_260_2MPLXID367,TTGAGGTCCTGAAGGGGAT,F
TXA0122559CP000647_260_9MPLXID374,GCACCAATACCATTGATGTATATCCT,F
TXA0122261CP001938_267_2MPLXID65,ATATTATCGACCAATTGCTTGTC,F
TXA0122260CP001938_267_6MPLXID69,CGAAAACGAATAGAACGCAAATG,F
TXA0122264CP001938_267_7MPLXID70,CACTTTCGGTAGAGTTTTTGGAT,F
TXA0122262CP001938_267_11MPLXID74,GCTAAAACAATTTCGCCATTAAGT,F
TXA0122256CP001938_267_9MPLXID72,CAAGTAATGCTCCATCAAATGCT,F
TXA0122263CP001938_267_10MPLXID73,TTGTGTCGTTTTGTACATTGGAA,F
TXA0122257CP001938_267_5MPLXID68,ATTCGATCCAGTTATAGCGACTT,F
TXA0122259CP001938_267_3MPLXID66,GCATTTTGGATAAAAGCAGTTTG,F
TXA0122255CP001938_267_4MPLXID67,TGCATAAAGGAGAGCACAGATTT,F
TXA0122258CP001938_267_1MPLXID64,TGCTTCAGCAAGTGATTGA,F
TXA0122254CP001938_267_8MPLXID71,CTCTTCTTCTTTTTGACGCAAGT,F
TXA0122714DQ485530_4MPLXID524,GAAAATCGCTGGATAGGGACTCA,F
TXA0122712DQ485530_1MPLXID521,CTACCGTCACACATATCGACACC,F
TXA0122713DQ485530_2MPLXID522,TATTACTTTCACTGCTTGCACCT,F
TXA0122711DQ485530_3MPLXID523,AGTTTCCAACAATGCCAGCTT,F
TXA0122204DQ883640_6MPLXID16,GTGACTGCTATTTCAAAGGAACC,F
TXA0122206DQ883640_1MPLXID11,TTTTGACGATACGCCTGGTAAAT,F
TXA0122202DQ883640_4MPLXID14,CCAGCATATGGCGTCCCAG,F
TXA0122203DQ883640_5MPLXID15,ACACATCAAGGGTTCTATCAAGCA,F
TXA0122205DQ883640_2MPLXID12,AACTTTTTTCAAAGACTGGAAACCT,F
TXA0122201DQ883640_3MPLXID13,AAAACAATTTTTCCGGCCCTTGG,F
TXA0122211EF016355_2MPLXID18,TATGGCTGTGGGTGTTATTCAAA,F
TXA0122213EF016355_5MPLXID21,AAAACAATTTTTCCGGCCCTTGG,F
TXA0122210EF016355_4MPLXID20,CCAGATGAAGTAAAAACAGATCAGCA,F
TXA0122208EF016355_3MPLXID19,CTCTTTTGACGATACGCCTGGTA,F
TXA0122212EF016355_7MPLXID23,GAAACACATCAGGGTCGCTATCA,F
TXA0122209EF016355_6MPLXID22,CCCGACATGTTGAGTTTTATTCAT,F
TXA0122207EF016355_1MPLXID17,TTGTCTACTTTTATCCCCGCTTT,F
TXA0122510EF219163_4MPLXID316,ATTGAGAGGTGGCTGATCGGAAA,F
TXA0122513EF219163_1MPLXID313,ATGCGTCGGAAAAATTAACCTTC,F
TXA0122511EF219163_3MPLXID315,AGATGGGCGACAACACACC,F
TXA0122512EF219163_2MPLXID314,TTGAGAAGCTAGAGCGCGAAAAA,F
TXA0122627EF570052_7MPLXID439,TAAAACCGGCAGCGGTGACTAT,F
TXA0122629EF570052_3MPLXID436,CGATGTGCAGCACCAGTAA,F
TXA0122625EF570052_5MPLXID438,CGACAGCTGGGAGACGAA,F
TXA0122626EF570052_1MPLXID435,GGCTCGCTTCAGGTAAAATATTGA,F
TXA0122628EF570052_4MPLXID437,ACTATAATCCGATTGCGGAAAAG,F
TXA0122340EF653270_2MPLXID143,TCTATGATCGAGAAAGCCAGAAA,F
TXA0122337EF653270_3MPLXID144,CATGGCGGATTTCAGGAATGTGA,F
TXA0122339EF653270_5MPLXID146,TTGGATGGGTACTCAGGTACTGG,F
TXA0122338EF653270_4MPLXID145,TTGTAGCGCCTATATCACCAATA,F
TXA0122341EF653270_1MPLXID142,ATGATGACTCTGGCGTTAGTTGG,F
TXA0122591EU177504_200_3MPLXID403,AGTCTCTTGACGCCGGAAT,F
TXA0122592EU177504_200_1MPLXID401,CTGGTATCCGCTCACTGATGACT,F
TXA0122593EU177504_200_2MPLXID402,GGGCTCGACACCTTCGTTC,F
TXA0122215EU294228_273_6MPLXID29,GCATGTACTAGCTTCAAAGGATG,F
TXA0122214EU294228_273_1MPLXID24,CAAAGACCACAAAATCATCAAGAC,F
TXA0122218EU294228_273_3MPLXID26,ACATCTTTCTGTAGAGGTTCCTG,F
TXA0122217EU294228_273_2MPLXID25,TTGTTGCTTACGGACAAAATGAA,F
TXA0122219EU294228_273_5MPLXID28,AGCAAACAATTTGCAGTTAGTAAAA,F
TXA0122220EU294228_273_7MPLXID30,CGAGTATGAAAAACTAGGGGGTA,F
TXA0122216EU294228_273_4MPLXID27,ATATGGACAAAGATAGCCCGAAA,F
TXA0122931EU436855_2MPLXID745,ACTTCTCACATCAGGACTTGC,F
TXA0122929EU436855_1MPLXID744,TGTTTTTGTTGAGAACTTTCAGGT,F
TXA0122928EU436855_4MPLXID747,TCTGCATACATAACAGGTTGTAACT,F
TXA0122932EU436855_3MPLXID746,AACTGTCAGCTTTCAATGTCCCA,F
TXA0122930EU436855_5MPLXID748,TTTAAGCCGTGGTGTTTTTTCGG,F
TXA0122509EU556755_2MPLXID318,GCTGTTGTTAGGAAGTGTGC,F
TXA0122504EU556755_3MPLXID319,GATGTGCAGCACCAGTAAAG,F
TXA0122507EU556755_6MPLXID322,GGAATCTGACGCTGGGTAAAG,F
TXA0122503EU556755_5MPLXID321,GACAGCTGGGAGACGAAAC,F
TXA0122506EU556755_1MPLXID317,AACACACGTGGAATTTAGGGACT,F
TXA0122508EU556755_4MPLXID320,ACTATAATCCGATTGCGGAAAAG,F
TXA0122505EU556755_7MPLXID323,CTATGGCACCACCAACGATA,F
TXA0122297EU595393_1MPLXID106,AGCAACTTTTTGTTGCTCAGG,F
TXA0122300EU595393_3MPLXID108,CACCGATCAATGACGCACAAAC,F
TXA0122299EU595393_2MPLXID107,TCCGATGACATCAGTATCACCCA,F
TXA0122298EU595393_4MPLXID109,TGCAAAGGAAAGGTGTCCAATCA,F
TXA0122296EU595393_5MPLXID110,TCCTTTTTGGCGGATGTATGCTT,F
TXA0122268EU686386_3MPLXID77,TGCTGAGGCTTACCTAATTGACAC,F
TXA0122267EU686386_2MPLXID76,GCAGCAGAGTCTTTGCCAGATTT,F
TXA0122266EU686386_1MPLXID75,CAGTGTTGCCTAACCCTTCCATC,F
TXA0122270EU686386_4MPLXID78,ATCCCCACGTATGCATCTGAA,F
TXA0122269EU686386_5MPLXID79,CAGATAACGTAGTGGTTTGGTTG,F
TXA0122265EU686386_6MPLXID80,TGACGCAAATATAGAAGCTTGGC,F
TXA0122630EU917444_2MPLXID441,TGATTTTTCCGGCCAAGATTTGA,F
TXA0122633EU917444_5MPLXID444,ACGGGTTGTAATTTGTCTTATGCT,F
TXA0122635EU917444_6MPLXID445,GATGACTTTTGGGAGCAATGCAG,F
TXA0122631EU917444_3MPLXID442,GTGATGCTAAATTCATGGGTTGT,F
TXA0122634EU917444_1MPLXID440,ACTCAAATTAAACCGCCTCCGAA,F
TXA0122632EU917444_4MPLXID443,TTTCAATGGCGAATTTCCAAGGG,F
TXA0122410FJ196385_265_6MPLXID223,TCATTGGTTTGCGTAATGTCTGG,F
TXA0122415FJ196385_265_7MPLXID224,CCAGCACAGGCCCCATC,F
TXA0122409FJ196385_265_8MPLXID225,CCCAATCCACGCAAAAATAAAAC,F
TXA0122416FJ196385_265_1MPLXID218,TTTTGTACTCCCAGAAGCTCACC,F
TXA0122411FJ196385_265_3MPLXID220,GGGGCAATGCTTTCTTGAACAT,F
TXA0122408FJ196385_265_9MPLXID226,CGATTAACATATTGGGGAGAAAGGC,F
TXA0122412FJ196385_265_5MPLXID222,GAGGGAACAGAGAACCTAATGGC,F
TXA0122414FJ196385_265_4MPLXID221,GCCAATAGCTAAGGATGCCATGA,F
TXA0122413FJ196385_265_2MPLXID219,CGTTTACTATCAACGCAACACCA,F
TXA0122799FJ917355_281_4MPLXID596,CAACAAGTACATGGCATTCTAGC,F
TXA0122800FJ917355_281_6MPLXID598,AGAATCTGCTGTGCAAGAAAAAC,F
TXA0122797FJ917355_281_12MPLXID604,ATCTTCGTATCTCATGACAAGCA,F
TXA0122802FJ917355_281_2MPLXID594,TGGAAATTCACTCTTATGACCGTA,F
TXA0122798FJ917355_281_8MPLXID600,TCTGAGCTTAAAATTTGGTAGCC,F
TXA0122805FJ917355_281_10MPLXID602,CAGTATTGGCTTCAATGGGGAT,F
TXA0122807FJ917355_281_11MPLXID603,AACTGCTTTTATCCAAAATGCTT,F
TXA0122804FJ917355_281_3MPLXID595,AACTGGGCGGAATCGAAATAG,F
TXA0122801FJ917355_281_7MPLXID599,TGTATCAGGCAGCTAAGAGTATG,F
TXA0122796FJ917355_281_5MPLXID597,GGTTGTAGACAAGATATGGGAGT,F
TXA0122803FJ917355_281_9MPLXID601,TGGATTAACCATATCTCCAAAAGC,F
TXA0122806FJ917355_281_1MPLXID593,TGTGATGCTAGCTTTTGTTTTCA,F
TXA0122227FJ959346_6MPLXID36,GACAGCAGGTTGATAATTTCTGG,F
TXA0122224FJ959346_4MPLXID34,CAGAATATGTGCCAGCCTCTACA,F
TXA0122226FJ959346_2MPLXID32,ACTTGCTATGTGGTTGCTTCTCT,F
TXA0122225FJ959346_7MPLXID37,AATTTTTGGAAAGACTGGTTGGG,F
TXA0122221FJ959346_8MPLXID38,ATATGGAAATGCGGTCAGAAATG,F
TXA0122228FJ959346_3MPLXID33,GTGTGCTGGTTATTCAAACAGAT,F
TXA0122222FJ959346_1MPLXID31,TGAGATGTGTCATAGTATTCGTCGT,F
TXA0122223FJ959346_5MPLXID35,AAGCCATGAAGCTTTCTGCAGTC,F
TXA0122518FN396876_1MPLXID324,TAAAACGCCTCTGTCACATCGAA,F
TXA0122516FN396876_6MPLXID329,GTGCTGCCAGACATTCGGT,F
TXA0122519FN396876_5MPLXID328,TCCTGCTTGATCCAGTTGAGGAT,F
TXA0122514FN396876_3MPLXID326,ACGGTGATATTGTCACTGGTGTG,F
TXA0122517FN396876_4MPLXID327,GCAAGCTGGTTCGACAACG,F
TXA0122515FN396876_2MPLXID325,ATCACGATCATGCTGGCCTTG,F
TXA0122419GQ214053_5MPLXID231,AAAGTGGCAGCCTTCGATATCAC,F
TXA0122418GQ214053_3MPLXID229,CGCTAGGTTCGTTCCTATCCAG,F
TXA0122421GQ214053_2MPLXID228,GTATCGACTTTGCGGGGATCTAA,F
TXA0122420GQ214053_1MPLXID227,ACATGGTTGTCCCTATGTCTATT,F
TXA0122417GQ214053_4MPLXID230,ACGATTACTCACTTGATGGGCAA,F
TXA0122690GQ260093_4MPLXID501,GTTGATTGGCTCATCGGAAATAC,F
TXA0122688GQ260093_2MPLXID499,CATGAGGACCTTAGGCGATACAA,F
TXA0122689GQ260093_1MPLXID498,GCACAACATAGTTCGACGGGTAT,F
TXA0122691GQ260093_3MPLXID500,CAGCTTGCAAAAAATAGCGTTG,F
TXA0122229GQ302618_2MPLXID40,TGAGAAGCTTGAAGAAGGCGTTT,F
TXA0122233GQ302618_1MPLXID39,GGCAGTCGCCCTAAAACAAAG,F
TXA0122234GQ302618_3MPLXID41,TGACGCCTATCTGATTGATACTC,F
TXA0122230GQ302618_4MPLXID42,GGCTTAATTCTCAATCTATCCCCACA,F
TXA0122232GQ302618_5MPLXID43,CCCAGGGCACACTCAAGAT,F
TXA0122231GQ302618_6MPLXID44,GGGACGCAAATTTAGAAGCTTGG,F
TXA0122699GU067642_173_3MPLXID516,AACGTCTTGGTTTTTCCTTCAAT,F
TXA0122700GU067642_173_2MPLXID515,GGTGAGCAGCTAATCTTTAAGGC,F
TXA0122698GU067642_173_1MPLXID514,ATCGGGCTGGCATCTAACAATTC,F
TXA0122701GU067642_173_4MPLXID517,GGGGCAAATCTATGAAAGCCTTATT,F
TXA0122705GU323019_6MPLXID513,CTACACTGGTGAAGCCCATATT,F
TXA0122704GU323019_3MPLXID510,TGCTTTCATTGTTGATACACCTT,F
TXA0122702GU323019_5MPLXID512,GGTTGACGGCCTTATCGAAGTAT,F
TXA0122707GU323019_4MPLXID511,TCTACGTATGCCACGACTTCAAC,F
TXA0122703GU323019_1MPLXID508,TGAGAACACATTTTACAGCGTTA,F
TXA0122706GU323019_2MPLXID509,AGAACATCTTTTTGCACACATCA,F
TXA0122684GU390399_5MPLXID488,AAGGAAATTGGTGATGACAAAGC,F
TXA0122681GU390399_2MPLXID485,CATTTTTTCTCTTGCCACTTTCG,F
TXA0122685GU390399_1MPLXID484,CAAGGTAGTCGGCAAATAATGTC,F
TXA0122682GU390399_4MPLXID487,GGCCACAATCAAGACCAAGA,F
TXA0122687GU390399_6MPLXID489,TTTCTCAGGAAGCTCTATCGTAA,F
TXA0122683GU390399_7MPLXID490,CTCCGTATTCTTCGCACTGAA,F
TXA0122686GU390399_3MPLXID486,CCATGTTGGTTTTTGATCCTGTG,F
TXA0122429GU441460_6MPLXID237,TGGACAACTCCCGACGCTA,F
TXA0122425GU441460_8MPLXID239,GCATTACTGCTGCCACAAATGATA,F
TXA0122424GU441460_2MPLXID233,CGGATTCGCTTAAAAGCAGTATTGA,F
TXA0122428GU441460_5MPLXID236,GGTGGAACAAATAAAGTCCACAA,F
TXA0122426GU441460_1MPLXID232,GACGCAAATCCGCGAAAATTCTG,F
TXA0122423GU441460_4MPLXID235,TCCCGATGGAAATGTGGATTTAT,F
TXA0122422GU441460_7MPLXID238,ATTGAAACTACTACCGGACCGAA,F
TXA0122427GU441460_3MPLXID234,AAGTTCCATCTTGCATTGGCTGT,F
TXA0122275HQ122933_1MPLXID81,TTGATTTTTCTGCCTTTACTGAGTTG,F
TXA0122273HQ122933_2MPLXID82,TCAAGCGATTGCCAGCTTATTTG,F
TXA0122271HQ122933_5MPLXID85,AACGCATCCAATTTGGTAATCAG,F
TXA0122272HQ122933_6MPLXID86,CAAGTCCAGCAACAAGTCAAAGC,F
TXA0122276HQ122933_3MPLXID83,AAAATGCTCAATGCTCTGATTGG,F
TXA0122277HQ122933_7MPLXID87,TTGGGGCATGGATGTGGAAC,F
TXA0122274HQ122933_4MPLXID84,CAAGCCATGCAAGCTTCTGC,F
TXA0122240HQ219687_4MPLXID48,GGATGGAAAGCCACGTTTTTT,F
TXA0122235HQ219687_3MPLXID47,TGTGTTTGTCACATATGATGGTC,F
TXA0122236HQ219687_2MPLXID46,GAGCATAGTATGAGTCGAGCAA,F
TXA0122237HQ219687_7MPLXID51,CAGAGGGGAGAATCGTCTATATG,F
TXA0122238HQ219687_5MPLXID49,CAAAGTGAATTGCAACGTATTGG,F
TXA0122239HQ219687_6MPLXID50,TTTGTGTATGATTTAGCCCAAGG,F
TXA0122241HQ219687_1MPLXID45,AATCCAATCGGCTTTTTCTTCAG,F
TXA0122527HQ418999_1MPLXID330,CGCCATTACTGTATAAGAAAACAGGT,F
TXA0122528HQ418999_2MPLXID331,GCTCGTGGGCGAAAAAATTGAC,F
TXA0122526HQ418999_5MPLXID334,GTTATGGGAAAACCGTTGGATG,F
TXA0122529HQ418999_4MPLXID333,GAACATGATTACCACGCGCACT,F
TXA0122525HQ418999_3MPLXID332,CGTGCGATGTTAAAGGATGCC,F
TXA0122680HQ541434_7MPLXID497,GCCGCTGATGCCGAACAA,F
TXA0122676HQ541434_6MPLXID496,CGTACCCGAAGACCGTGAAC,F
TXA0122678HQ541434_3MPLXID493,CATGTGCTCGACATTCAAGCTG,F
TXA0122677HQ541434_5MPLXID495,GCCAGTGGCGATGAAGTG,F
TXA0122674HQ541434_4MPLXID494,GTGCTGCGCGAACACTTG,F
TXA0122675HQ541434_2MPLXID492,CTCCCGATGACGCAACCGATA,F
TXA0122679HQ541434_1MPLXID491,CCGGAAGTTTATGATGCCTGGG,F
TXA0122441HQ674770_300_8MPLXID257,ATTATGCAGACGCCGGGGAT,F
TXA0122437HQ674770_299_1MPLXID240,ATGAGCCTGCAAAAAACCTG,F
TXA0122447HQ674770_300_7MPLXID256,CAGGGCTTTGGCTTTTCCATC,F
TXA0122444HQ674770_300_4MPLXID253,GTGCTGGTAGTGATCCTGTTC,F
TXA0122448HQ674770_300_6MPLXID255,GCTTTCCCGGGGCTTAACG,F
TXA0122452HQ674770_300_1MPLXID250,AAAAGTGTTTATGCCGGGTATGC,F
TXA0122449HQ674770_300_11MPLXID260,CTGGAAGAGCTGTCGAAGCAGAT,F
TXA0122443HQ674770_300_13MPLXID262,CTGTAAAAACGCCATTCTGATCG,F
TXA0122442HQ674770_300_5MPLXID254,TTCGGGCTGGTACTGGCTA,F
TXA0122430HQ674770_299_7MPLXID246,GGTGGAGATTGGCCTGGTG,F
TXA0122450HQ674770_300_10MPLXID259,GCAATAATCAGGGCGAAATGGTA,F
TXA0122440HQ674770_300_9MPLXID258,AGTTCGGGCGTACCTG,F
TXA0122432HQ674770_299_6MPLXID245,GCGTGCTCACCACCCT,F
TXA0122431HQ674770_299_5MPLXID244,GCAGGCCGACATTCGC,F
TXA0122446HQ674770_300_14MPLXID263,GCGCCCGATCGTGATG,F
TXA0122434HQ674770_299_3MPLXID242,TGACGGCCAGGAGGTG,F
TXA0122435HQ674770_299_9MPLXID248,TGATAAAGATGGTAAAGCACAGC,F
TXA0122433HQ674770_299_4MPLXID243,CGTTGGCAAGAGCCAAAAC,F
TXA0122453HQ674770_300_2MPLXID251,GGTTAATCGCTATCCCACTGCT,F
TXA0122445HQ674770_300_12MPLXID261,TACTGGCCGCGCTGTATGAA,F
TXA0122451HQ674770_300_3MPLXID252,GCGGTACGCGCCAAAATG,F
TXA0122438HQ674770_299_2MPLXID241,GACAGCGTCGCACAGAATG,F
TXA0122439HQ674770_299_10MPLXID249,GGTTGAATCCTGGGGATAGC,F
TXA0122436HQ674770_299_8MPLXID247,ACGCCGGGGCTGTTTG,F
TXA0122524JF775514_1MPLXID335,GGGCGGACACTATTGTATAAGGG,F
TXA0122522JF775514_2MPLXID336,TCAACGCCCCGAATATCTAAGTC,F
TXA0122520JF775514_3MPLXID337,GTTTTCCCACAGCTCACACTTTT,F
TXA0122523JF775514_4MPLXID338,GCGCGTGGTGATCATATTCATAA,F
TXA0122521JF775514_5MPLXID339,CCCTTTCTGGCTTTCACGATCATA,F
TXA0122316JN173057_2MPLXID148,CGGTGCAAAAGTTGAAAATAGCA,F
TXA0122315JN173057_5MPLXID151,GTTGAGTGGTTCCGATCTCTCC,F
TXA0122318JN173057_4MPLXID150,TGCAGCGCATATATCACTAATACCA,F
TXA0122319JN173057_3MPLXID149,TATCCATGGCGGATTTTCGCAAC,F
TXA0122317JN173057_1MPLXID147,ACGTTAAAACAGCTTAACATTCCAGT,F
TXA0122249JQ676953_5MPLXID56,GCCCCCTCAAGATTACACCAATA,F
TXA0122252JQ676953_6MPLXID57,ATGCTTCTGATTAAAGAATTCAATGG,F
TXA0122250JQ676953_4MPLXID55,ACTGAGATTTTCAAATGGGACGGTA,F
TXA0122251JQ676953_2MPLXID53,TCAGCAACATGAAAAAGCCATTA,F
TXA0122253JQ676953_3MPLXID54,ACAGAATATGTCCCTGCATCAAC,F
TXA0122248JQ676953_1MPLXID52,TTTCTGTCAGTGCATGCTCATCT,F
TXA0122638JQ776508_2MPLXID447,TCAAATTGTGATTTTTCAGGGGTT,F
TXA0122637JQ776508_3MPLXID448,AACATTAGCGCCTTAGGTCTTGA,F
TXA0122640JQ776508_1MPLXID446,AATGATTGCACTGTATAAATAACCA,F
TXA0122641JQ776508_5MPLXID450,CTGGAATGGCACTGTGATAACT,F
TXA0122639JQ776508_4MPLXID449,GAGCTGATTTTCGAGGGGCTAAT,F
TXA0122636JQ776508_6MPLXID451,GGCTGATTTTACTGGTTGTGATT,F
TXA0122359M11180_205_3MPLXID168,AGACAGTCATCTATTCAACTTATCGT,F
TXA0122358M11180_205_4MPLXID169,AAAGCCATGCGTCTGACATCTAT,F
TXA0122360M11180_205_1MPLXID166,ACCAGTGACTAATCTTATGACTTT,F
TXA0122361M11180_205_2MPLXID167,CGAGTGAAAAAGTACTCAACCAA,F
TXA0122356M11180_205_5MPLXID170,TTGCACACTCAAGTCTCGATTCA,F
TXA0122357M11180_205_6MPLXID171,TGTTTCAAAATGGGTCAATCGAG,F
TXA0122309M14730_208_6MPLXID116,TCCTATCTGTTAGAGAAACCTGA,F
TXA0122311M14730_208_2MPLXID112,GAAAACGACACAGCTTTGGTTGA,F
TXA0122314M14730_208_1MPLXID111,ATTATCCGCACCCAAAAAGTTGC,F
TXA0122310M14730_208_4MPLXID114,TCCTGATGTTTGAGAGTCTTGGA,F
TXA0122313M14730_208_5MPLXID115,TTTGAAACTTGTCTATGAGGTAGGT,F
TXA0122312M14730_208_3MPLXID113,AAGTTGTCGGTTGTGATTTTAGG,F
TXA0122590M15332_209_2MPLXID394,AGGAGAGGTTATAATGAACAAAGT,F
TXA0122583M15332_209_3MPLXID395,TGAAATAGGTGCAGGGAAAGGTC,F
TXA0122585M15332_209_6MPLXID398,ATCACTAGCATTGCTGTTAATGG,F
TXA0122587M15332_209_4MPLXID396,TGAGGTAACTCGTAATAAGCTCT,F
TXA0122586M15332_209_1MPLXID393,AGAAACAGTTCATTATCAACCAAA,F
TXA0122589M15332_209_5MPLXID397,ATTTGGCAGCATACCTTACAACA,F
TXA0122588M15332_209_7MPLXID399,TTAAAAAGAAAGCCAGCAAAAATGG,F
TXA0122584M15332_209_8MPLXID400,AAGCTTTAAAACATGCGAGAATA,F
TXA0122612M36726_221_1MPLXID418,ATGCCCGGCTCCCTTTC,F
TXA0122611M36726_221_2MPLXID419,CGGCCCCATCATTGAGATCG,F
TXA0122613M36726_221_4MPLXID421,CTCCTCATGCAGTGGGAAGTC,F
TXA0122608M36726_221_6MPLXID423,GCAGGGTTGTTTTCATCACGTTC,F
TXA0122609M36726_221_3MPLXID420,CGAAGTGGTCCATGATGATTTCCTTA,F
TXA0122610M36726_221_5MPLXID422,GGGTGGGTGACCCGAAG,F
TXA0122531M37839_1MPLXID340,GCCCGGACACTCCCTTG,F
TXA0122536M37839_7MPLXID346,CGGAAGCCTATGGCGTAAAAACT,F
TXA0122533M37839_8MPLXID347,TATGTATCAGGGGTTAGGCTGGG,F
TXA0122534M37839_5MPLXID344,TGCTGCGCTTTTATCAAAACTGG,F
TXA0122532M37839_2MPLXID341,CACCGATGTCCGAAAAACAG,F
TXA0122535M37839_3MPLXID342,TACCTTCGGTAAAGCCGATGTTG,F
TXA0122538M37839_4MPLXID343,GGCGATCCGGTAGCAAAATACTG,F
TXA0122530M37839_9MPLXID348,CCGGTCAAGGCCTCCTG,F
TXA0122537M37839_6MPLXID345,TAAACCCCTCAAGCTGGACCATA,F
TXA0122894M74717_268_8MPLXID703,CAAGCAGCCCGCGTTCTA,F
TXA0122895M74717_268_4MPLXID699,CGACATCGCCTCCTACACC,F
TXA0122890M74717_268_7MPLXID702,GACGACGTACACCTTCG,F
TXA0122888M74717_268_6MPLXID701,GCTGGAGGAGAACGGGATCA,F
TXA0122896M74717_268_3MPLXID698,CAAGCTCTGGAACAGCACACT,F
TXA0122891M74717_268_9MPLXID704,GTACCGGACAACGTGGAAG,F
TXA0122892M74717_268_1MPLXID696,CGGCTGCACGAGGAGTTG,F
TXA0122889M74717_268_5MPLXID700,CCCGTGATCTCCCTGTC,F
TXA0122893M74717_268_2MPLXID697,CCATGTTCTCCATCGCCCTG,F
TXA0122242NC_012813_1MPLXID58,ATACAGCATTTCGTATAACGTGT,F
TXA0122244NC_012813_4MPLXID61,CCGCTTTACTTCTTTCTGCATTA,F
TXA0122243NC_012813_3MPLXID60,AGGTAATCGGTTATGTGCAAGGT,F
TXA0122246NC_012813_5MPLXID62,ACCTAAAGTCATATCTTTCTCCCACA,F
TXA0122247NC_012813_6MPLXID63,AGGTGCTAAGATTTTTACCCTCTTT,F
TXA0122245NC_012813_2MPLXID59,GTTGAGCGAAAAGGGGATTTTTT,F
TXA0122456U36578_275_1MPLXID264,AGTGCCGGATTGAATATAACCGA,F
TXA0122458U36578_275_6MPLXID269,GTGCTCATCGACAACACGGA,F
TXA0122454U36578_275_2MPLXID265,GAGCTTGGGCTCGACTATAGGAT,F
TXA0122455U36578_275_4MPLXID267,CGTGCCGCAGGACTCG,F
TXA0122457U36578_275_5MPLXID268,TCAGAAGGTGGCCGACGA,F
TXA0122459U36578_275_3MPLXID266,GAATCGCCTGCCGTTCG,F
TXA0122460U36578_275_7MPLXID270,AAGCTCCTCCTCACGTATGAA,F
TXA0122886U59450_219_2MPLXID706,GAGACGGCGGGTGGAC,F
TXA0122887U59450_219_1MPLXID705,GCTGTCTCCTCCCTTCTCTC,F
TXA0122842U92073_277_2MPLXID648,AGAAGATTGCGTCTTAGTTTTGG,F
TXA0122843U92073_277_1MPLXID647,ACGTGGCAATGAATTTAAACCACA,F
TXA0122844U92073_277_9MPLXID655,TGGCGACATTTATGGAGAAACTA,F
TXA0122839U92073_277_8MPLXID654,CCTGCAGACGGTGTTTATATTTCC,F
TXA0122840U92073_277_3MPLXID649,ATGAGACACCTCGTCTAACCTTC,F
TXA0122841U92073_277_4MPLXID650,AGTATGGCGTCGATGAGTTATATT,F
TXA0122838U92073_277_6MPLXID652,TCTGAAGGTGGTGAAAAAATCTC,F
TXA0122837U92073_277_5MPLXID651,AAAAGCTGCTGTTGTCGGTTTTG,F
TXA0122845U92073_277_7MPLXID653,AGTTTTCAACCTGTGGCATGGTA,F
TXA0122820X03216_203_1MPLXID624,TTGGGAAGAATAAAGCGTCCTCT,F
TXA0122814X03216_203_4MPLXID627,TTGCAATCTTTTCGCAAATCCCT,F
TXA0122816X03216_203_2MPLXID625,ATGCTTCAAAGCCTGTCGGAAT,F
TXA0122815X03216_203_5MPLXID628,GCCTGACTTTCAAAGGTAATTCTT,F
TXA0122817X03216_203_3MPLXID626,AAATCAATGGTTGATGTCGTTC,F
TXA0122818X03216_203_7MPLXID630,ACTGATCGACTCATTTTGACTAGC,F
TXA0122819X03216_203_6MPLXID629,ACTTGACATAAGCCTCCATCAAT,F
TXA0122737X65876_358_4MPLXID542,TTGCGGCTTCGGTAGTGG,F
TXA0122733X65876_358_3MPLXID541,AGACCGGTGCTGCTGTTATC,F
TXA0122730X65876_358_9MPLXID547,TCAGCCTGACCAATCTGACC,F
TXA0122731X65876_358_7MPLXID545,GGACTCGGGGCGATGC,F
TXA0122735X65876_358_8MPLXID546,TCACTTCCGGATGGATGGTGTAT,F
TXA0122736X65876_358_5MPLXID543,GCATCTGCCGTTTGTCATTGC,F
TXA0122732X65876_358_6MPLXID544,TATCACACTGCTTAAACCTCTGG,F
TXA0122729X65876_358_1MPLXID539,CCGTCTCCTCCGATTTTCAGATT,F
TXA0122734X65876_358_2MPLXID540,GTCACTGCTGCGGGAATATCT,F
TXA0122462X68227_60_1MPLXID271,CCGCCCCTCATGTCAAACG,F
TXA0122465X68227_60_3MPLXID273,CTCAATGACCTTATGGAGGCTT,F
TXA0122466X68227_60_4MPLXID274,AATGACATTCTTGCGGGTATCTT,F
TXA0122463X68227_60_5MPLXID275,GGAAACCTTGAAGCTATGGAAC,F
TXA0122464X68227_60_6MPLXID276,CTGGGCAATAAAACGCCTAC,F
TXA0122461X68227_60_2MPLXID272,ATTGAGCGCCATCTGGAAT,F
TXA0122769X92507_1MPLXID566,TTTAATGATGACTCAGAGCATTCGC,F
TXA0122763X92507_7MPLXID572,ATGGGTAGTGGGCGATAAAAC,F
TXA0122765X92507_6MPLXID571,AAAAATCTGACGCTGGGTAAAGC,F
TXA0122767X92507_5MPLXID570,CATCTGGGTGGTCCCGATAAAG,F
TXA0122764X92507_4MPLXID569,TACAATCCCATTGCGGAGAAACA,F
TXA0122766X92507_3MPLXID568,CGATGAACGTTTTGCGATGT,F
TXA0122768X92507_2MPLXID567,GCTATTTAGCAGCGCAACG,F
TXA0122545X92508_7MPLXID355,GAAAGAGGACAAGCCCATCCG,F
TXA0122544X92508_8MPLXID356,GACCCACCAAGGGCATTACTC,F
TXA0122539X92508_9MPLXID357,GAGCCAGGTGCTCTTCAACAA,F
TXA0122543X92508_5MPLXID353,AGGTGGATTCATCCGAGAAGATG,F
TXA0122541X92508_1MPLXID349,ACACCTTGCGGGATTAGGC,F
TXA0122540X92508_6MPLXID354,CCCTTGATGGAGCAGACCCT,F
TXA0122542X92508_2MPLXID350,GCTTCACCGGTCGATCCC,F
TXA0122546X92508_4MPLXID352,CTATGCGGTGGTCAAGGGA,F
TXA0122547X92508_3MPLXID351,ATGGCAAGGCCCACTACTTCA,F
TXA0122580X92946_261_4MPLXID385,TGTTTATCCACTTTGGATGGTCT,F
TXA0122573X92946_261_11MPLXID392,GTAGCGGAATCCATAGGTGTT,F
TXA0122574X92946_261_2MPLXID383,TTTGTTTTTGATAGGTCAGCTCC,F
TXA0122579X92946_261_7MPLXID388,TCATCGGTGCCCTATTTATGTTA,F
TXA0122572X92946_261_8MPLXID389,ATTGGCTCTTTTGCTGTTGGTAT,F
TXA0122578X92946_261_1MPLXID382,AGAAGAATATCTGTTTGGATTACGGA,F
TXA0122575X92946_261_9MPLXID390,CGGGTTTTGGGTTTTCCTTGTTT,F
TXA0122582X92946_261_3MPLXID384,TATGTTACCAATGGCGCTTCTAA,F
TXA0122576X92946_261_10MPLXID391,AATATGGCAATCACGCAGCAATC,F
TXA0122581X92946_261_6MPLXID387,CTGGAATGTTGCTTTTAGTCAGG,F
TXA0122577X92946_261_5MPLXID386,AACGGACAGTTCGGTATTATTCA,F
TXA0122758X93314_3MPLXID575,AAGTTTCCGATGCAAAGTGTGTT,F
TXA0122757X93314_2MPLXID574,TCCCCTTTGTTAAAAGAGCAGAT,F
TXA0122762X93314_1MPLXID573,GCTGCGGCTGCCTTTTG,F
TXA0122756X93314_4MPLXID576,CAGGGCGATGAATTTACTGTTGC,F
TXA0122759X93314_6MPLXID578,CCTCTCAGGCCTTGTTATGGAAA,F
TXA0122760X93314_7MPLXID579,AAAAACTGCGGCGACTAATGATG,F
TXA0122761X93314_5MPLXID577,CGTTAAAGAAGCTGCCGTGGTA,F
TXA0122901A15069_187_2MPLXID708,ACGCCAACAAGTGAGTCAACATA,R
TXA0122904A15069_187_6MPLXID712,GGACTTTTTGGCGATGGGAAATG,R
TXA0122903A15069_187_3MPLXID709,CAAGCGGAGCTTCAATCTGGTTA,R
TXA0122897A15069_187_1MPLXID707,CTGCAGTTTTCTTCCTGATTCGC,R
TXA0122902A15069_187_8MPLXID714,CGGTGGATTCGCAGGTTAT,R
TXA0122898A15069_187_4MPLXID710,AAGAGAGGTACCATCGAAGAAAG,R
TXA0122899A15069_187_7MPLXID713,GCTCAATTTCGTTTCTACAGAGGC,R
TXA0122900A15069_187_5MPLXID711,GCCTGAAAAGGAGACTGGAGTT,R
TXA0122790AB013298_282_8MPLXID612,TGGAATCGTACTTGTGTTAGCAGT,R
TXA0122792AB013298_282_2MPLXID606,TCCACATCCATGTTAAGCTGTTCA,R
TXA0122788AB013298_282_13MPLXID617,AATCATCGGTTATGTTACTATTGTT,R
TXA0122783AB013298_282_11MPLXID615,GGTTCATCCAAAATTAACATATTCGC,R
TXA0122784AB013298_282_3MPLXID607,GGTTCATCTAAAAGTAATATCGGACT,R
TXA0122787AB013298_282_5MPLXID609,TAGCTTTACTGGCTTGGGACAAT,R
TXA0122793AB013298_282_10MPLXID614,ATTACAAGAACGCTCAAGTGCT,R
TXA0122789AB013298_282_6MPLXID610,TTTTGTTTTGATGATGCTTGTGC,R
TXA0122791AB013298_282_4MPLXID608,TGTGCCATCTTCTTGTATATCCC,R
TXA0122785AB013298_282_7MPLXID611,ACTTTGTGGTTTTTCAACTTCTTCCA,R
TXA0122794AB013298_282_12MPLXID616,ACATGTTTAACAAACCTTGTATCGT,R
TXA0122786AB013298_282_1MPLXID605,TTCTGGTTTTGTTTTTTGAGCAATC,R
TXA0122795AB013298_282_9MPLXID613,CGATAGTATGCCATTTGCACTTT,R
TXA0122809AB014481_222_2MPLXID619,AGACAATTTTTCGTACTATATCCGT,R
TXA0122811AB014481_222_1MPLXID618,TGAACCAGTTCTAGTGTGAAATGCC,R
TXA0122812AB014481_222_4MPLXID621,TGATATTTTTGACGGGTGTCTTTTT,R
TXA0122813AB014481_222_5MPLXID622,AAAAATTGTTCGAAGTTAATGTTCTT,R
TXA0122810AB014481_222_6MPLXID623,CCAAAAAAGGACTGCCTAGATGG,R
TXA0122808AB014481_222_3MPLXID620,TCATTAAAAGTAACGCTAGAGAACGA,R
TXA0122368AB020531_271_6MPLXID177,TAACCTTCGCTTCAGTCCAATCG,R
TXA0122367AB020531_271_2MPLXID173,TGCTGGCACACCATCTAACTTTT,R
TXA0122364AB020531_271_8MPLXID179,TGGTAGGCGGGAACATATCG,R
TXA0122363AB020531_271_1MPLXID172,TCTTGTGCAAAAACAGCTTGAAA,R
TXA0122365AB020531_271_3MPLXID174,GCGACTTGTGAAATAATTCTGGA,R
TXA0122369AB020531_271_4MPLXID175,TCCATACGCTGCTTCATTGACAT,R
TXA0122362AB020531_271_7MPLXID178,CTGGGTATGCTGCATTAAGTTCG,R
TXA0122366AB020531_271_5MPLXID176,CTCCATGAATCAGTCCAGTTTTC,R
TXA0122642AB048591_272_3MPLXID454,GAATGTTGTGTGGCTACCGTTTC,R
TXA0122647AB048591_272_6MPLXID457,TTATCAACCCCGACCAGATTAGG,R
TXA0122646AB048591_272_1MPLXID452,TCAACAAATCTAGCCACACCCTC,R
TXA0122643AB048591_272_2MPLXID453,CGAAATCTGCCGAAGCC,R
TXA0122645AB048591_272_5MPLXID456,CGACATCGGATACGAGAAGGG,R
TXA0122644AB048591_272_4MPLXID455,CCAATAGCCACTTCGGAAGCATT,R
TXA0122648AB074437_2MPLXID459,TAGCTTGCACCTTACCGTCTTTT,R
TXA0122652AB074437_3MPLXID460,TGGTTTAACAAAACAACCACCAA,R
TXA0122651AB074437_1MPLXID458,CGCTCCACAAACCAATTGACTAA,R
TXA0122650AB074437_4MPLXID461,CGCATCTCCTATGTCACTATGGC,R
TXA0122649AB074437_5MPLXID462,ATGCTTCAGCGACTTGTTAGAAA,R
TXA0122378AB263754_319_1MPLXID180,CCTGTGGTGGCTGGTG,R
TXA0122382AB263754_319_8MPLXID187,GCCGGCTGTTGTTGATCG,R
TXA0122376AB263754_319_4MPLXID183,GCCACATCGCCTACCC,R
TXA0122383AB263754_319_7MPLXID186,CCATCGGCGTGTGGAT,R
TXA0122375AB263754_319_3MPLXID182,ACATCTTCATGACGCAGTACC,R
TXA0122380AB263754_319_9MPLXID188,CTACGCCATGGACCTCAC,R
TXA0122379AB263754_319_6MPLXID185,GTGTTGCTGGAGTTCTTCCACT,R
TXA0122374AB263754_319_2MPLXID181,CGCGCATCCTCGTCGT,R
TXA0122377AB263754_319_5MPLXID184,CTACGGGCTCAAGCAGTTGG,R
TXA0122381AB263754_319_10MPLXID189,TTCTTGTCCCGGAAGTTTTGAGT,R
TXA0122823AB430839_330_4MPLXID645,GAACGGGTCAGGTCACAGTC,R
TXA0122825AB430839_330_2MPLXID643,GAAGCTGGCGTTGCTGAAATC,R
TXA0122824AB430839_330_3MPLXID644,CTCCCACAGCTCGCACTTTTC,R
TXA0122822AB430839_330_5MPLXID646,TTCTACGCAGGCTTCAGCTTCA,R
TXA0122821AB430839_330_1MPLXID642,GCGTCATAGAAGCTGCAGTTGA,R
TXA0122329AB443628_2MPLXID126,ATTAATTGACCACGATCGCAAAG,R
TXA0122336AB443628_8MPLXID132,GGTTGGAATGGACTTGGAGTTGA,R
TXA0122320AB443628_7MPLXID131,TCAGTATCTGTGGCTGAAATGGG,R
TXA0122328AB443628_12MPLXID136,CCATCCAAACCCTGATTGGAGAA,R
TXA0122323AB443628_16MPLXID140,GGCATTATTGTTGTTGAAATCCG,R
TXA0122326AB443628_6MPLXID130,GTAATGAATCGTCAGCGCATACC,R
TXA0122333AB443628_15MPLXID139,ACAAAATAGTGAGCCATCGCAAG,R
TXA0122334AB443628_1MPLXID125,TCAGTGTCTTCTCTGCCTGGATA,R
TXA0122330AB443628_10MPLXID134,GATAAGTTTTTCGGCGGAAGCTG,R
TXA0122322AB443628_4MPLXID128,TTGCATTCAATTCGGTTGGCATT,R
TXA0122321AB443628_3MPLXID127,CCGGCAGTTCAATGGGTAATG,R
TXA0122327AB443628_5MPLXID129,TCGACGCAGTTGAATTTTTCGAT,R
TXA0122332AB443628_17MPLXID141,TTCTCCGCTGGGAGGGATAAAG,R
TXA0122335AB443628_14MPLXID138,GCTTTTGATTAATGCTCTTTTAACCG,R
TXA0122324AB443628_11MPLXID135,GCGTTCATTACTTGCTCCTGTTT,R
TXA0122331AB443628_9MPLXID133,ACCCGGATAAAAGGCTTCGATTT,R
TXA0122325AB443628_13MPLXID137,ACAACCGCCGGGGAAATC,R
TXA0122605AB601890_201_6MPLXID415,TGAATCATCATTAATTCGGCTTTCTT,R
TXA0122601AB601890_201_3MPLXID412,AGGGTGGGTTCTCACTATCTAACA,R
TXA0122603AB601890_201_2MPLXID411,GGTCAACTTATCAGCCAATACAC,R
TXA0122600AB601890_201_5MPLXID414,AGGCTAAAAAATCTTTCCAAGCA,R
TXA0122602AB601890_201_8MPLXID417,GCTTTTCCTTATCTGCCGTTTAT,R
TXA0122606AB601890_201_1MPLXID410,TCAACAACAAAATCCTCCTTAGT,R
TXA0122607AB601890_201_4MPLXID413,CGTTTGGAGCTGGCTTAAAATCAA,R
TXA0122604AB601890_201_7MPLXID416,TCCTTGCTTACCATGTTCGAATTA,R
TXA0122874AF002716_204_4MPLXID685,TGGTTTATGCCTTTCAAGTACAATC,R
TXA0122875AF002716_204_6MPLXID687,ACAGACAAAAATTGTTCATTGGAT,R
TXA0122877AF002716_204_3MPLXID684,GCAACCTTTTAGCAAATCCCCTC,R
TXA0122876AF002716_204_5MPLXID686,CTTCAGCACCTGTCTTAATTGAT,R
TXA0122873AF002716_204_1MPLXID682,CCACAAGTTCCTTGGTAAAATGTCC,R
TXA0122872AF002716_204_2MPLXID683,AAAGCTAAACTTCAAAATATCCTCA,R
TXA0122344AF090141_3MPLXID154,TCCCATTTCATAATCGGACTTCCC,R
TXA0122348AF090141_7MPLXID158,CCTCCTGGAAATAAACATCGGTA,R
TXA0122342AF090141_4MPLXID155,TATGTCCCGGATGATGAAGCAAA,R
TXA0122347AF090141_5MPLXID156,AAGGTATAAGCATAATCGGACTGAA,R
TXA0122346AF090141_2MPLXID153,GAGCCTGAGTAAGCAGCAAGAT,R
TXA0122343AF090141_6MPLXID157,ACAATTGCGGATTGTACGGATCT,R
TXA0122345AF090141_1MPLXID152,AGGTAAGAAGCCAAATCATAGGT,R
TXA0122469AF148850_3MPLXID279,CGAACGGGCGCTCAGAC,R
TXA0122471AF148850_2MPLXID278,GCGAGTAGTCCACCAGATCCT,R
TXA0122467AF148850_1MPLXID277,CTCATCATGGGAAAGCGTTCATC,R
TXA0122470AF148850_5MPLXID281,GGCTTTTAGCGTTGCCAGT,R
TXA0122468AF148850_4MPLXID280,ATCCCGCAGATAAATCACCACAA,R
TXA0122371AF169041_159_1MPLXID190,TTTTTCTTCCGACAAGGAGCCAT,R
TXA0122373AF169041_159_4MPLXID193,GACTTAAAAGCTGTCCAAGGAG,R
TXA0122372AF169041_159_2MPLXID191,CCCCCGCCAGAGACATATACA,R
TXA0122370AF169041_159_3MPLXID192,TGAAATTCTCAGGCATTATAGGGAA,R
TXA0122393AF174129_5MPLXID198,GCAACGTCTGTGCCATC,R
TXA0122395AF174129_6MPLXID199,GTATTGCCTTTGAGCCACGTCA,R
TXA0122396AF174129_1MPLXID194,GCCCTCCGCTGCTTTTCT,R
TXA0122392AF174129_3MPLXID196,GCTCTGCCAGCGTCAT,R
TXA0122398AF174129_4MPLXID197,GATCGCGCGGGCAAAA,R
TXA0122394AF174129_7MPLXID200,GACCCTGCGGCCAGAT,R
TXA0122391AF174129_2MPLXID195,TACTGGTACTGCACATTGGAAAG,R
TXA0122397AF174129_8MPLXID201,CCGTAGCGCCCCATTATTGA,R
TXA0122475AF180952_8MPLXID289,GCAGGAACAAACGCAATATAGGC,R
TXA0122477AF180952_6MPLXID287,TTTAACTGCCCCATATTGGCTTG,R
TXA0122472AF180952_3MPLXID284,TACCCACATTGAGTACGCTAAC,R
TXA0122476AF180952_9MPLXID290,AACATATCGCCTCTCCAAACGAG,R
TXA0122479AF180952_7MPLXID288,GAGCAAATTCGGCAGAGAAACTG,R
TXA0122473AF180952_1MPLXID282,GTCACTGCGACCGACATACC,R
TXA0122480AF180952_2MPLXID283,TTACTCAGCGAACCCACTTCAAA,R
TXA0122474AF180952_5MPLXID286,ACGCATAGTTTTCCATCTGGTCA,R
TXA0122478AF180952_4MPLXID285,TTTTCGCCGCAATCATCCCTA,R
TXA0122776AF197943_1MPLXID580,ATAAGCATTTCCACCAGCTCGAT,R
TXA0122775AF197943_3MPLXID582,ACCATCCTTAGTATGTGCTTCGC,R
TXA0122773AF197943_5MPLXID584,GCCTTCTCAAGCAGTGTAAGGTA,R
TXA0122774AF197943_4MPLXID583,CCCCCTGCTCGATAAGTCCTTTA,R
TXA0122772AF197943_2MPLXID581,CCTTGTCGAGTGAAGTTTACAAT,R
TXA0122857AF227520_264_5MPLXID668,AATGTTCCAACGAGTAATAAAGC,R
TXA0122856AF227520_264_7MPLXID670,TTATTGCACAGCAGACTACAAAA,R
TXA0122859AF227520_264_9MPLXID672,CCCTGCGATTTTAGCAGGAAGAA,R
TXA0122861AF227520_264_6MPLXID669,ACCCTAATAATAGACCCCCTATC,R
TXA0122860AF227520_264_1MPLXID664,GTGAAGCCATAGACAAGACCAT,R
TXA0122855AF227520_264_2MPLXID665,ACAGGTAGCTCCATATAGAATGC,R
TXA0122854AF227520_264_4MPLXID667,CCCAGCTTAGGAATACGTACAAT,R
TXA0122862AF227520_264_8MPLXID671,CACCGATTCTATCAGCAAAGAGTG,R
TXA0122858AF227520_264_3MPLXID666,GACTATAGCCTGCACATTTCGTA,R
TXA0122779AF275256_6MPLXID592,ATACGTGATGCTTCCGCAATAGT,R
TXA0122781AF275256_4MPLXID590,CGAGCATCACCAGTTGTATTACCT,R
TXA0122782AF275256_2MPLXID588,CAATGCAGCAGAAGCCATATCAC,R
TXA0122778AF275256_1MPLXID587,TAAAACAGCAGCCGCCAAAAAAC,R
TXA0122780AF275256_3MPLXID589,CGTTGAAGTGTCACGTTTATCTCC,R
TXA0122777AF275256_5MPLXID591,TGGTGCTCTATTTTTAGGCCAAATG,R
TXA0122194AF290912_2MPLXID1,GTTAATTCAGATGCATACGTGGG,R
TXA0122192AF290912_3MPLXID2,CTGGACCAGGATAAAAAACTTCA,R
TXA0122190AF290912_5MPLXID4,TGGTTTTGATGGTTTTTTACTTTCGT,R
TXA0122193AF290912_1MPLXID0,CGTTCCACAAACCAAGTGACTAA,R
TXA0122191AF290912_4MPLXID3,CGGTTTAACAAAACAACCACCGA,R
TXA0122484AF297554_7MPLXID297,GGTGGTGGGCCAATAGATGATT,R
TXA0122485AF297554_4MPLXID294,GCGCGGCGATGAGGTATC,R
TXA0122487AF297554_3MPLXID293,AACTCCTTCAGCAACAAATTGGC,R
TXA0122481AF297554_6MPLXID296,GTAGACGGCCAACACAATAGGTG,R
TXA0122482AF297554_1MPLXID291,CGGTATCCATCGCGTACACAC,R
TXA0122483AF297554_5MPLXID295,GGTGGTTGCCGGTCGT,R
TXA0122486AF297554_2MPLXID292,CATTTTTGCCGTAACGGATGGG,R
TXA0122491AF309824_6MPLXID303,ATGCTTAATCAGTGAGGCACCTA,R
TXA0122490AF309824_3MPLXID300,ATGTTGTGCAAAAAAGCGGTTAG,R
TXA0122488AF309824_2MPLXID299,AGTACTCAACCAAGTCATTCTG,R
TXA0122493AF309824_5MPLXID302,TAGATAACTACGATACGGGAGGG,R
TXA0122489AF309824_1MPLXID298,TCAAGGATCTTACCGCTGTTGAG,R
TXA0122492AF309824_4MPLXID301,TTAATTGTTGCCGGGAAGCTAGA,R
TXA0122290AF319779_195_7MPLXID105,ACACTCCTCCATAGAAAATTTAAACA,R
TXA0122292AF319779_195_1MPLXID99,GAACAGTTAGAAAACCCTTACCA,R
TXA0122291AF319779_195_6MPLXID104,ACAGACAATTTTGGAGTTAAGGTCA,R
TXA0122294AF319779_195_4MPLXID102,AGTGCTGATTTGACAGTTGGTG,R
TXA0122295AF319779_195_5MPLXID103,AGACTTCATAGCTGTTTTGACTG,R
TXA0122293AF319779_195_3MPLXID101,GCCGGTTCTGACTGAAGGATAA,R
TXA0122289AF319779_195_2MPLXID100,CACTTGAACGTTTTGAGCGTGAA,R
TXA0122653AF326355_1MPLXID463,GGAAACTTGAACGTTGAGCACAT,R
TXA0122655AF326355_3MPLXID465,CGTGCTCAGGATGAGTTGTGTAA,R
TXA0122654AF326355_2MPLXID464,GTGGCAGGAGACCATTCGAC,R
TXA0122496AF332662_229_5MPLXID308,CGTCGAGAAGAAGACGAAGAAGG,R
TXA0122501AF332662_229_4MPLXID307,CCTGAAACCGGCATTCAAGAGT,R
TXA0122500AF332662_229_2MPLXID305,CAGAGACGCAATGACGAAAG,R
TXA0122495AF332662_229_8MPLXID311,CACGCTGTGTCACCGTTTA,R
TXA0122502AF332662_229_3MPLXID306,ACTGAAAAGACCGTAGATGACGAC,R
TXA0122494AF332662_229_7MPLXID310,TAACGGACACCGTGAAGACAATA,R
TXA0122499AF332662_229_1MPLXID304,TCAACGTGAGTTGGATCATAGC,R
TXA0122497AF332662_229_6MPLXID309,ATCTGGCGACAAAGGACTTC,R
TXA0122498AF332662_229_9MPLXID312,ATTCACGAGGTTTCGATGGTTA,R
TXA0122281AF369871_5MPLXID92,TTCCGGGTAGTGTTGTTGAATCC,R
TXA0122280AF369871_2MPLXID89,GTCCAATTTGCTTCTCAATCTCCG,R
TXA0122282AF369871_4MPLXID91,CAGACGGGACGTACACAACTAA,R
TXA0122278AF369871_1MPLXID88,AACACCATCGGCAATCTGGTAAA,R
TXA0122283AF369871_3MPLXID90,GGAATCTCGTTCCCCTCTACCT,R
TXA0122279AF369871_6MPLXID93,AACTTCATGTTATGCCGCATCTG,R
TXA0122868AF376746_266_2MPLXID674,TACAGAATGCAACAATAGCAAGC,R
TXA0122865AF376746_266_7MPLXID679,TTATTGCACAGCAAACTACGAAT,R
TXA0122871AF376746_266_1MPLXID673,CCTACTAATGAAGCCATAGACAAGAC,R
TXA0122864AF376746_266_8MPLXID680,ACCGATTTTATCAGCAAAGAATCCA,R
TXA0122866AF376746_266_4MPLXID676,TGCTACCGTAATAGATGCAATCA,R
TXA0122867AF376746_266_3MPLXID675,GCTTATAGACTGCAAAGACTGAC,R
TXA0122869AF376746_266_5MPLXID677,AGTGTTCCTAAGAGTAATAAGGCAA,R
TXA0122863AF376746_266_6MPLXID678,AAGCCCCCTAATCTTCCTAATAA,R
TXA0122870AF376746_266_9MPLXID681,CCTGCGATTTTAGCAGGAAGAGT,R
TXA0122919AF512546_188_8MPLXID729,CTTTGCTTCCATGGGGTCATCTG,R
TXA0122918AF512546_188_9MPLXID730,CAGGTTATGCTCCTTCATTTCAT,R
TXA0122912AF512546_188_7MPLXID728,CTGTCGGGCGATGGGAAAT,R
TXA0122917AF512546_188_2MPLXID723,GCACTGAGCCATACAAAGAAAAGG,R
TXA0122914AF512546_188_3MPLXID724,GGATTCAAGGTGTTGGGTAAATC,R
TXA0122920AF512546_188_1MPLXID722,ATGCCTCTCGACAAAATAGCGAA,R
TXA0122915AF512546_188_4MPLXID725,CCCCCATTTTGCCGATGAAATAA,R
TXA0122916AF512546_188_5MPLXID726,TTACACGCAAGGTTTCCAACGTA,R
TXA0122913AF512546_188_6MPLXID727,CTCGCCTGAAAAGGAAACTGGAG,R
TXA0122385AF518567_1MPLXID202,GTTAATCAACGCCACACCCAGTC,R
TXA0122388AF518567_3MPLXID204,CCCCGAGATGGGCAATCAG,R
TXA0122384AF518567_2MPLXID203,CCCTTTTGCGTTTCACTTTGCTT,R
TXA0122387AF518567_4MPLXID205,GGGGATCGCGGTGTTGAG,R
TXA0122386AF518567_5MPLXID206,GTTGCCTTTCAGCCACATCAC,R
TXA0122390AF518567_7MPLXID208,AGCGAAAAATCACTCCACATGGT,R
TXA0122389AF518567_6MPLXID207,GTGAAGTAAGTCACCAGAACGAG,R
TXA0122743AJ009818_129_4MPLXID551,TTTGATCTTCTCCAGTGACCAAT,R
TXA0122744AJ009818_129_3MPLXID550,CCGTGCCCGATCTTGATT,R
TXA0122742AJ009818_129_5MPLXID552,TGTGAGCAATTATGTGCTTAGTG,R
TXA0122745AJ009818_129_1MPLXID548,ATACCGTGCGCAGTCATC,R
TXA0122746AJ009818_129_2MPLXID549,TAAAAGAACGGGAAAGATGATGC,R
TXA0122879AJ223970_269_1MPLXID688,GAAGAGCGGCGGGATCG,R
TXA0122880AJ223970_269_3MPLXID690,GCGAGACGGCGGGAAC,R
TXA0122883AJ223970_269_7MPLXID694,AACAGGTCAGCCTGCTTC,R
TXA0122882AJ223970_269_2MPLXID689,CGGCTCGACGTTGTCC,R
TXA0122878AJ223970_269_5MPLXID692,CGAAGGTGTGCGTCTTCT,R
TXA0122884AJ223970_269_6MPLXID693,CTTGGTGAACGAGGACCC,R
TXA0122881AJ223970_269_4MPLXID691,TCCTCGGTGATCCCGTTCT,R
TXA0122885AJ223970_269_8MPLXID695,TGGCTTCCTCGGTGGG,R
TXA0122197AJ243491_1MPLXID5,AACACCCCAACCGTTAACTTCTT,R
TXA0122195AJ243491_4MPLXID8,TGCGTCACCCAAATTACCAAGAC,R
TXA0122200AJ243491_6MPLXID10,AATGAGTTTCACCGCCTTGTTAG,R
TXA0122198AJ243491_2MPLXID6,CTGTCGCTATGGAAATGTGAGGA,R
TXA0122199AJ243491_3MPLXID7,GCTTGCACCTTACCGTCTTTTTTA,R
TXA0122196AJ243491_5MPLXID9,TCCCCAATTTCACTATGACTTGA,R
TXA0122741AJ310778_161_2MPLXID554,GATCACAGCACGAAGATCAGGAA,R
TXA0122740AJ310778_161_1MPLXID553,ACGCATGTCAGTATACGTGTGTT,R
TXA0122738AJ310778_161_4MPLXID556,TCTGGTTCTTGTTCTTCCACTGC,R
TXA0122739AJ310778_161_3MPLXID555,GTTCTGGATCGGATCAACAGGAA,R
TXA0122301AJ311171_374_4MPLXID120,CAGAAACGAACTGCCCTGAATTTT,R
TXA0122305AJ311171_374_5MPLXID121,CAACTGCATTGGCCGACTTTAT,R
TXA0122306AJ311171_374_2MPLXID118,CCGCTAGACAAAAAGCCTTGGAA,R
TXA0122307AJ311171_374_7MPLXID123,TGACCTTCACAAAAATTCAGGACA,R
TXA0122302AJ311171_374_6MPLXID122,AGTTTGACAACCCCGAAATAAATAGA,R
TXA0122303AJ311171_374_3MPLXID119,GGAAAAGGATTAGATTTTAAGCCCAC,R
TXA0122308AJ311171_374_8MPLXID124,AATTATCGGTGGCGGACCAGTT,R
TXA0122304AJ311171_374_1MPLXID117,ACAAACGGGAAATTTGGAACGAT,R
TXA0122399AJ313522_156_3MPLXID211,GGGAAGAAAACATCCCCCTCTG,R
TXA0122402AJ313522_156_2MPLXID210,CTAGCCTGTCCATGGCCTCTTC,R
TXA0122400AJ313522_156_4MPLXID212,AACGAAGCTTTTTGCCGTCGATT,R
TXA0122401AJ313522_156_1MPLXID209,ATTCAAACGTCTTGCGACCCAC,R
TXA0122696AJ420864_2MPLXID503,CACCCGTACTGTCGCTATGAAA,R
TXA0122693AJ420864_3MPLXID504,TAGCTTGCACCTTACCGTTCTTT,R
TXA0122694AJ420864_1MPLXID502,TAGTAACAACACCCCAACCGCTA,R
TXA0122695AJ420864_6MPLXID507,AAACCGCGACTTAAAAACTGTCC,R
TXA0122697AJ420864_5MPLXID506,GAGTGATGCGTTCCCAATTTCAC,R
TXA0122692AJ420864_4MPLXID505,ACCGTCCGGTTTAACAAAACAAC,R
TXA0122657AJ536835_6MPLXID471,TAGTGGAAAATGCGTCCCCCTC,R
TXA0122656AJ536835_5MPLXID470,GGATACCGCTGTTGAATTCGTTT,R
TXA0122661AJ536835_1MPLXID466,GAGTTGCGATATGCGACCAAAC,R
TXA0122659AJ536835_4MPLXID469,TACCACAAGATTGTCGCCCGAAT,R
TXA0122660AJ536835_3MPLXID468,CTGGCGTGTCAAGGGTGAG,R
TXA0122658AJ536835_2MPLXID467,CTTTTCAATCTCCGCGAGAAGGG,R
TXA0122828AJ549214_228_1MPLXID631,CGGGATTGACTAAATCAGCCGTA,R
TXA0122832AJ549214_228_6MPLXID636,ATTTTCTGCGGTAACAATTCTCC,R
TXA0122836AJ549214_228_2MPLXID632,TGAGATTCGACCATAAATCGGAA,R
TXA0122826AJ549214_228_3MPLXID633,GATAGAACTGGAATTGCGGACAT,R
TXA0122833AJ549214_228_7MPLXID637,GAAGAGAGTCCATTCACCTCAA,R
TXA0122835AJ549214_228_4MPLXID634,CCCTAAATATTGACCAACTACTCC,R
TXA0122830AJ549214_228_9MPLXID639,CACTTACTGCGGCGTTATTTGC,R
TXA0122831AJ549214_228_11MPLXID641,ACAGCTTAAACTATAGAAGATGAAC,R
TXA0122827AJ549214_228_5MPLXID635,CGAGGAATAAACCACCAATGAAA,R
TXA0122834AJ549214_228_8MPLXID638,CCCCATCAGAGTCATCCCAGTAA,R
TXA0122829AJ549214_228_10MPLXID640,ATCTGAGTAGGACATAGCGTCCA,R
TXA0122671AJ620678_2MPLXID473,ATGAGTTGAGATGCTAGCCATAA,R
TXA0122673AJ620678_1MPLXID472,AATCAACTAACCCATAGCCTTCA,R
TXA0122670AJ620678_3MPLXID474,TTTAAAGTAGTGGGTAGGAACCG,R
TXA0122672AJ620678_5MPLXID476,ATCTGAACTTCCAACTTTGCCAT,R
TXA0122669AJ620678_4MPLXID475,GAGGCAGCCACCAAATAGT,R
TXA0122668AJ620678_6MPLXID477,GTGTGACGAATCGTTGCTGTTG,R
TXA0122748AM237806_168_3MPLXID559,TGGGAAACCTTACTTCACCTTCT,R
TXA0122747AM237806_168_1MPLXID557,TTTTCTTCCGACAAGAAGCCACT,R
TXA0122750AM237806_168_2MPLXID558,TGGTCTGTTACCTTAGCCAGTTC,R
TXA0122749AM237806_168_4MPLXID560,TGCGACTTAAAAACTGTCCAAGG,R
TXA0122909AM260957_274_6MPLXID720,CAGCATCTTGCAATGCTCAACTA,R
TXA0122911AM260957_274_3MPLXID717,CTAATTGCATCGTCGGTGTCG,R
TXA0122905AM260957_274_7MPLXID721,CACCCTGCGGCAAGTACA,R
TXA0122906AM260957_274_1MPLXID715,CATCCGCAAAACCCACTCTACA,R
TXA0122908AM260957_274_5MPLXID719,CAGGATCGCCGATATGAGCC,R
TXA0122907AM260957_274_2MPLXID716,GTCAAATGTCAGCCCCGGATT,R
TXA0122910AM260957_274_4MPLXID718,GAATGACAAGTCAGCAAGCCAAG,R
TXA0122620AM420303_4MPLXID427,GTGTTTAACGTCGGCTCGGTA,R
TXA0122617AM420303_7MPLXID430,AGCGCTTTTGCCGTCTA,R
TXA0122618AM420303_6MPLXID429,CTGGGTGAAGTAAGTGACCAGAA,R
TXA0122619AM420303_5MPLXID428,ACCGGTGGTATTGCCTTTC,R
TXA0122614AM420303_3MPLXID426,CGCCAACGTGAGAAATCAGC,R
TXA0122616AM420303_1MPLXID424,CTGTGTTAATCAATGCCACACCC,R
TXA0122615AM420303_2MPLXID425,AAGTCAGATTTTTTGATCTCAACT,R
TXA0122925AY055428_335_5MPLXID735,CTGCAATCGTCAAGGGATTGAAA,R
TXA0122936AY055428_334_5MPLXID742,ACGTGGTGACGGGCAT,R
TXA0122922AY055428_335_1MPLXID731,CTAGACGCATTGCACAGATGG,R
TXA0122935AY055428_334_1MPLXID738,CATGATTGCTAACGCCGAAG,R
TXA0122921AY055428_335_2MPLXID732,TGATAGATCCCGTCGGTCTG,R
TXA0122923AY055428_335_6MPLXID736,GTTTCGCAACCTGTTCTCATT,R
TXA0122927AY055428_335_3MPLXID733,GCTTTGCAGCTTTGTTTCAGC,R
TXA0122926AY055428_335_7MPLXID737,CCTATTCAATGTATTGGGGATCG,R
TXA0122933AY055428_334_4MPLXID741,ATGCTTGGTGATAACGGCAATTC,R
TXA0122938AY055428_334_2MPLXID739,GACCAAGAGCGCACCGATATG,R
TXA0122924AY055428_335_4MPLXID734,CGAATGCTCTCTCACATCGTT,R
TXA0122937AY055428_334_6MPLXID743,GGATATTTCTCTATATTCGCGCTT,R
TXA0122934AY055428_334_3MPLXID740,AGGCTGTCGCGAATGTT,R
TXA0122708AY128093_50_1MPLXID518,CAAATGCGGGACAACGTAAG,R
TXA0122709AY128093_50_2MPLXID519,CGAGGCCAAGCGATCTT,R
TXA0122710AY128093_50_3MPLXID520,TTATTTGCCGACTACCTTGGTG,R
TXA0122752AY204504_53_2MPLXID562,GATGAGTTACTTGACTGCGAAC,R
TXA0122753AY204504_53_1MPLXID561,AGGCGATCATCTGGGATTACTTTT,R
TXA0122754AY204504_53_5MPLXID565,GCAGTCGCCCTAAAACAAGGTTA,R
TXA0122751AY204504_53_3MPLXID563,CGAGGCAATAGTTGAAATGCTC,R
TXA0122755AY204504_53_4MPLXID564,GAAATCTGCCGCTCTGGA,R
TXA0122403AY259086_5MPLXID217,ATTTGCCTCTTGTGTTTGCATTC,R
TXA0122405AY259086_4MPLXID216,CATCCAGATCGGCAAAGGTCA,R
TXA0122407AY259086_3MPLXID215,TCAAACAGCTCGCATTTTTCCAG,R
TXA0122406AY259086_1MPLXID213,GCATAGCTGAAGTGACACCCT,R
TXA0122404AY259086_2MPLXID214,GAAAAGTTGGCGCCCTTGAGAT,R
TXA0122662AY341249_4MPLXID481,CGGTCCTGGAAATGAAACCTCAA,R
TXA0122666AY341249_2MPLXID479,TGGCTACTACTTTCTTCGGCTTC,R
TXA0122664AY341249_3MPLXID480,TCAGCTGCTTTTATCCGGTCTTT,R
TXA0122665AY341249_6MPLXID483,GAAAGCGTTAAATGCACGGTTGG,R
TXA0122663AY341249_1MPLXID478,GTGACGACGAAAACGTCCGAAT,R
TXA0122667AY341249_5MPLXID482,ATCAAACTTTTTTAGCCGCCGAG,R
TXA0122771AY354402_2MPLXID586,GATAATACTGCCGCAGCAAGGAA,R
TXA0122770AY354402_1MPLXID585,CCCAATTCGCCCTCCAAAATCA,R
TXA0122726AY458224_52_2MPLXID534,GATGTCACTGTGCACGACGAT,R
TXA0122723AY458224_52_3MPLXID535,CGCTATGTTGCTTTGCCTTTGTT,R
TXA0122720AY458224_8_3MPLXID531,TGGTCTTCTACGCCTTTATCAGC,R
TXA0122721AY458224_8_1MPLXID529,GCAGCCAACGCAATAAAACTAGA,R
TXA0122727AY458224_52_1MPLXID533,AGCTACAGTCACCAGCAAATCAA,R
TXA0122728AY458224_52_6MPLXID538,GCGTCGGCTTGAATGAATTGTTA,R
TXA0122724AY458224_52_4MPLXID536,AAGTAAGCACTACATTCCGCTCA,R
TXA0122722AY458224_8_2MPLXID530,CCGCTACAGCGAGATCGTAGATA,R
TXA0122725AY458224_52_5MPLXID537,CGAGCGGGCAAATAATCTTCTTC,R
TXA0122719AY458224_8_4MPLXID532,TAGCGCAGCGAAGGCAAA,R
TXA0122598AY487229_198_5MPLXID408,GGGTGAATTCCGTTGGCAGA,R
TXA0122596AY487229_198_6MPLXID409,CTCTACATCGCCTGGACCATC,R
TXA0122597AY487229_198_1MPLXID404,CGCTGTAACGGCAGGGTG,R
TXA0122599AY487229_198_2MPLXID405,GTCAGATGGAACGGCAGGTT,R
TXA0122594AY487229_198_4MPLXID407,CCGGCATCCACACTCGG,R
TXA0122595AY487229_198_3MPLXID406,CCACTGCACCAACAGGAT,R
TXA0122715AY552589_163_3MPLXID527,GATGTACCTCAGATAGAAAGACG,R
TXA0122717AY552589_163_4MPLXID528,GGAGTGCGTGTACGTGATTGTG,R
TXA0122716AY552589_163_2MPLXID526,TACGTAGAGTTCTTTGCCGTGTT,R
TXA0122718AY552589_163_1MPLXID525,GGTTTGGTAAGGGCTTGCCTATG,R
TXA0122355AY780889_2MPLXID160,CTTGAGAGCCTTTTAATACAGCA,R
TXA0122353AY780889_7MPLXID165,TCACAATGAAGTGATGGCTACAG,R
TXA0122349AY780889_1MPLXID159,AAGCGTAGACACCAATTCTACCA,R
TXA0122350AY780889_6MPLXID164,ATAAGAGGAGCTCGGTTCTTTGG,R
TXA0122352AY780889_4MPLXID162,ACGTTCATCGCCAGGAATTG,R
TXA0122351AY780889_5MPLXID163,ACCGGTTGTGTTACCCTTTAACC,R
TXA0122354AY780889_3MPLXID161,GCAGCAGCCATATCACCTAATGA,R
TXA0122624AY870398_2MPLXID432,GCAACGTCTGCGCCATC,R
TXA0122622AY870398_3MPLXID433,CCGGTCTTATCACCCACAGTC,R
TXA0122621AY870398_4MPLXID434,GGCTCTCTGCGTTCTGTT,R
TXA0122623AY870398_1MPLXID431,AGCACCTGCGTATTATCTTTGGT,R
TXA0122853AY894138_216_7MPLXID662,GCAGTTTATGCACCCCTTAACTTATC,R
TXA0122850AY894138_216_5MPLXID660,TCTTTGAGTGATATTTTTGAAGGGTG,R
TXA0122851AY894138_216_8MPLXID663,CCACCTAAAAAGGAGCGATTTAC,R
TXA0122848AY894138_216_4MPLXID659,TAGTGCTAGTGAACGATTTGTAT,R
TXA0122849AY894138_216_1MPLXID656,AAATGACCTTTCCCTGAACCAAT,R
TXA0122852AY894138_216_6MPLXID661,CGTCAATTCTTGCATATTTTAAGGC,R
TXA0122847AY894138_216_3MPLXID658,TGTAGCTGTGCTTTCAAAAACAAT,R
TXA0122846AY894138_216_2MPLXID657,AACCTGGAAGTTCTCATATTCA,R
TXA0122284CP000462_3MPLXID96,CCAGCGATTGCCGCTCAA,R
TXA0122287CP000462_1MPLXID94,CCGATCATAGAAGCTGCAGTCG,R
TXA0122286CP000462_2MPLXID95,GATCCCCAGCGCCTGAC,R
TXA0122288CP000462_4MPLXID97,CACTGGCGCAGGTCACAA,R
TXA0122285CP000462_5MPLXID98,CGGCAGATGACGAAAACTTACC,R
TXA0122550CP000647_259_2MPLXID359,CGTCGCTTCCACCTCTTTAATCT,R
TXA0122557CP000647_260_11MPLXID376,TCATGAACGCGCACAGTGAT,R
TXA0122561CP000647_260_16MPLXID381,AGTCCTTCTGACTGGCATTTTTA,R
TXA0122562CP000647_260_10MPLXID375,ATATTGCCCACCAGAATCACCTC,R
TXA0122552CP000647_259_5MPLXID362,CCCGGTCTGAGGTGGATGA,R
TXA0122555CP000647_259_7MPLXID364,ATAACCTCACGCTCTTTGACCTC,R
TXA0122563CP000647_260_14MPLXID379,GCGACAATGCTACGCCCAG,R
TXA0122567CP000647_260_6MPLXID371,AAAGCCGCTGGTAAACTGA,R
TXA0122570CP000647_260_12MPLXID377,GCTGTAAGGTATGTGTGGTCCTT,R
TXA0122566CP000647_260_13MPLXID378,CCAGCATAATATTCATTACGCCAA,R
TXA0122554CP000647_259_3MPLXID360,GGCCGCGGTATCAAGGTC,R
TXA0122571CP000647_260_4MPLXID369,GGTTCATCAGCGAGGATCAC,R
TXA0122569CP000647_260_3MPLXID368,AACTGTGACGGTTGATAGTCG,R
TXA0122564CP000647_260_8MPLXID373,GTCGTCGTCGCCAAAATC,R
TXA0122551CP000647_259_6MPLXID363,GATCCCCTGCGGGTTCG,R
TXA0122553CP000647_259_1MPLXID358,CTTTTCGCAGGGCATCCAGTTT,R
TXA0122565CP000647_260_1MPLXID366,TATTCATCAGCGTCGATTTTCCC,R
TXA0122549CP000647_259_4MPLXID361,AGGGTGGTAATTTGCGTCACTTC,R
TXA0122568CP000647_260_5MPLXID370,ATCTCGACGATCCGCTCC,R
TXA0122560CP000647_260_7MPLXID372,CACCGAGGCAATACCGATAATAA,R
TXA0122558CP000647_260_15MPLXID380,AGGCAGCCAACCAAACA,R
TXA0122548CP000647_259_8MPLXID365,GGAAGGATAGCTGCGACGTATATC,R
TXA0122556CP000647_260_2MPLXID367,ATGGTAGCGTTGAAAGATAAAGC,R
TXA0122559CP000647_260_9MPLXID374,AGGTCATGCCGTAGACATTAAAA,R
TXA0122261CP001938_267_2MPLXID65,GATCGGAGCGAATGATATTCAAA,R
TXA0122260CP001938_267_6MPLXID69,AGAATCTGCTGTGCAAGAAAAAC,R
TXA0122264CP001938_267_7MPLXID70,TGGGAGTTAAAAGACGGTAAAAT,R
TXA0122262CP001938_267_11MPLXID74,TTTCACCTAAATCCTGTTTGCTG,R
TXA0122256CP001938_267_9MPLXID72,AATCGAAATAGAAACGGTCGAAG,R
TXA0122263CP001938_267_10MPLXID73,CACTCTTATGACCGTATTGGTCT,R
TXA0122257CP001938_267_5MPLXID68,TGTATCAGGCAGCTAAGAGTATG,R
TXA0122259CP001938_267_3MPLXID66,TATCTCCAAAAGCTGAAATTGGC,R
TXA0122255CP001938_267_4MPLXID67,CCGTACTATCTTTGATGACGCTA,R
TXA0122258CP001938_267_1MPLXID64,CATTAGAAACAATGATGAAGTCCT,R
TXA0122254CP001938_267_8MPLXID71,CCCAACAAGTACATGGCATTC,R
TXA0122714DQ485530_4MPLXID524,CTTCGAGAAGCTGTTCTTGTTGC,R
TXA0122712DQ485530_1MPLXID521,AAGCTGGCATTGTTGGAAACTTG,R
TXA0122713DQ485530_2MPLXID522,ACGTAACTCAATACCGTAGCAAT,R
TXA0122711DQ485530_3MPLXID523,CCAGCGATTTTCAAACAGCTCA,R
TXA0122204DQ883640_6MPLXID16,TTATTTCTTTATTGCATTCAGCACA,R
TXA0122206DQ883640_1MPLXID11,ACCTTTCCAAATAGGCCAATACT,R
TXA0122202DQ883640_4MPLXID14,AGTTTGTAACGTTGCCGGATAAG,R
TXA0122203DQ883640_5MPLXID15,GAAACCGTTAGTTGAGCCAGTTT,R
TXA0122205DQ883640_2MPLXID12,AGCATAGTTTTGCATTTGGGTCT,R
TXA0122201DQ883640_3MPLXID13,TATTCCTGTGGGTTAAGGTTGGC,R
TXA0122211EF016355_2MPLXID18,TCGGTGTATTTTTTAGTTCTTTCCA,R
TXA0122213EF016355_5MPLXID21,AATTGCCCGTTGAATATCTGCTG,R
TXA0122210EF016355_4MPLXID20,GTTTTGCATCTGGGTCTTAGGTA,R
TXA0122208EF016355_3MPLXID19,ACCAATGCTTGGGTTTGAATATTGTC,R
TXA0122212EF016355_7MPLXID23,GAAACCGTTAGTTGAGCCAGTTT,R
TXA0122209EF016355_6MPLXID22,AGCAGTCACTTTATTAGGTTTCA,R
TXA0122207EF016355_1MPLXID17,AGTACTGCTATTTACGGCTTTTTT,R
TXA0122510EF219163_4MPLXID316,GACCGACCAGAGGCAACTAATTC,R
TXA0122513EF219163_1MPLXID313,TCGGTGCCTGAGTCAATTC,R
TXA0122511EF219163_3MPLXID315,GTTCCGGCCCCCGTTG,R
TXA0122512EF219163_2MPLXID314,GGCAGGAGACCATTTGACGAT,R
TXA0122627EF570052_7MPLXID439,TGCCGTCTAAGGCGATAAACAAA,R
TXA0122629EF570052_3MPLXID436,GCTTATTCATCGCCACGTTATC,R
TXA0122625EF570052_5MPLXID438,CCGGTGGTATTGCCTTTCA,R
TXA0122626EF570052_1MPLXID435,TTAATCAATGCCACACCCAGTC,R
TXA0122628EF570052_4MPLXID437,GTTTAACGTCGGCTCGGTA,R
TXA0122340EF653270_2MPLXID143,GTGCGTGTGGTAATCATATTCAT,R
TXA0122337EF653270_3MPLXID144,TGAGTACCCATCCAACGGTTTTC,R
TXA0122339EF653270_5MPLXID146,ATGACAGCGATACCAAGACGTTC,R
TXA0122338EF653270_4MPLXID145,GTCAAATCACAGTGCGTAAAGT,R
TXA0122341EF653270_1MPLXID142,CGCCATGGAGAGATCACAACTTT,R
TXA0122591EU177504_200_3MPLXID403,GGTTAGGCCGATACGCAACAT,R
TXA0122592EU177504_200_1MPLXID401,GCGAGTAGGTCCGCTTCC,R
TXA0122593EU177504_200_2MPLXID402,GCTCGCTTCGCATGTTTGTG,R
TXA0122215EU294228_273_6MPLXID29,AAACCATACATCAAAGGAGAGGC,R
TXA0122214EU294228_273_1MPLXID24,CCATTGTTGCCCCTTTGTATC,R
TXA0122218EU294228_273_3MPLXID26,TCATTTTCCCGAACTTCTTTTTCA,R
TXA0122217EU294228_273_2MPLXID25,TGGGATAAGCCACTAATTCTGTAG,R
TXA0122219EU294228_273_5MPLXID28,AAAATCAATCGCTGGGTCATCTA,R
TXA0122220EU294228_273_7MPLXID30,CCAAGTTTCAAAACAAGGCAGTT,R
TXA0122216EU294228_273_4MPLXID27,TTATCCAACCATTTTCTGTAGCG,R
TXA0122931EU436855_2MPLXID745,TACCAAAGCAATTTGCCCCCTTA,R
TXA0122929EU436855_1MPLXID744,CAATGCCCCCTGCTCTATGA,R
TXA0122928EU436855_4MPLXID747,AGCTCTGAATGGCTTAAATCACAG,R
TXA0122932EU436855_3MPLXID746,CACCAATCCATCTATTTTCGAACAGG,R
TXA0122930EU436855_5MPLXID748,TGTTATGTGCGTAGCCGAATCTT,R
TXA0122509EU556755_2MPLXID318,TTTAACAGATTCGGTTCGCTTTC,R
TXA0122504EU556755_3MPLXID319,GCTTATTCATCGCCACGTTATC,R
TXA0122507EU556755_6MPLXID322,GGTGAAGTAAGTGACCAGAATCA,R
TXA0122503EU556755_5MPLXID321,CAGTCCAGCCTGAATGCTC,R
TXA0122506EU556755_1MPLXID317,GTGTTAATCAATGCCACACCCAG,R
TXA0122508EU556755_4MPLXID320,TGGTATCACGCGGATCG,R
TXA0122505EU556755_7MPLXID323,CTAAGGCGATAAACAAAAACGGA,R
TXA0122297EU595393_1MPLXID106,ACCATACCCCATCCTTCGATTTC,R
TXA0122300EU595393_3MPLXID108,TGAATCGGTGAATCCATGTTCCG,R
TXA0122299EU595393_2MPLXID107,TTCGGGATAAACGTGGTGACTTT,R
TXA0122298EU595393_4MPLXID109,AGCATACATCCGCCAAAAAGGAT,R
TXA0122296EU595393_5MPLXID110,TTGGTTCACGATCTGCTTGGTAT,R
TXA0122268EU686386_3MPLXID77,TGGCTTGAACCTTACCGTCTTTT,R
TXA0122267EU686386_2MPLXID76,GCCTTTTATTTTATAGCCACGCTCC,R
TXA0122266EU686386_1MPLXID75,GCCCCACCCGTTAACTTCTTC,R
TXA0122270EU686386_4MPLXID78,GTCACCCAAATTGCCTAAACCG,R
TXA0122269EU686386_5MPLXID79,TTTAACCGCCTGCTCTAATGTAA,R
TXA0122265EU686386_6MPLXID80,TACAAACTGTCCAGCCACGTAGT,R
TXA0122630EU917444_2MPLXID441,CAAAACAGTTTGCCCCTTGGAAA,R
TXA0122633EU917444_5MPLXID444,TCCACTTTACGAGGTTCTAAGCC,R
TXA0122635EU917444_6MPLXID445,AGGCCTTGAAGATGATTCGCTTT,R
TXA0122631EU917444_3MPLXID442,AACAAAGTTTGCCTGTGAGAAAT,R
TXA0122634EU917444_1MPLXID440,ACAACCCATGAATTTAGCATCACG,R
TXA0122632EU917444_4MPLXID443,AGGCTTGCACCTACCCATTTATT,R
TXA0122410FJ196385_265_6MPLXID223,AAGCGGCGATACCCATGTTT,R
TXA0122415FJ196385_265_7MPLXID224,CTGACGGTCTGGTAGCTGTATCC,R
TXA0122409FJ196385_265_8MPLXID225,GACTGAATCCGCAATCACCTT,R
TXA0122416FJ196385_265_1MPLXID218,GCCATGACTCTTTCTATGCCGAT,R
TXA0122411FJ196385_265_3MPLXID220,TGCAGGTGGATTGCTTCTTTCAT,R
TXA0122408FJ196385_265_9MPLXID226,CGCTTAGGCAGTTGTTCGTTTTT,R
TXA0122412FJ196385_265_5MPLXID222,GGATATACTGGGAGCCGCTTTTG,R
TXA0122414FJ196385_265_4MPLXID221,TTAATGGCTGTGTTTTCCCCCAT,R
TXA0122413FJ196385_265_2MPLXID219,TGTTATATGCTGCTTCTTCTTGGG,R
TXA0122799FJ917355_281_4MPLXID596,TAATCCGAGTAACCACCCCAATA,R
TXA0122800FJ917355_281_6MPLXID598,CGAAAACGAATAGAACGCAAATG,R
TXA0122797FJ917355_281_12MPLXID604,ATTCATTTTGTCCGTAAGCAACA,R
TXA0122802FJ917355_281_2MPLXID594,TTGTGTCGTTTTGTACATTGGAA,R
TXA0122798FJ917355_281_8MPLXID600,AGAGCACAGATTTATGCGTGTTA,R
TXA0122805FJ917355_281_10MPLXID602,TGCTTGTCATGAGATACGAAGAT,R
TXA0122807FJ917355_281_11MPLXID603,TGATTTTGTGGTCTTTGATCTCG,R
TXA0122804FJ917355_281_3MPLXID595,GCTCCATCAAATGCTTTAAGTTG,R
TXA0122801FJ917355_281_7MPLXID599,ATTCGATCCAGTTATAGCGACTT,R
TXA0122796FJ917355_281_5MPLXID597,GGTAGAGTTTTTGGATTTTTCTCCT,R
TXA0122803FJ917355_281_9MPLXID601,AAGCAGTTTGATGATTTCACCTC,R
TXA0122806FJ917355_281_1MPLXID593,AGTAAACTACTCTTTCCTGCTCC,R
TXA0122227FJ959346_6MPLXID36,CAGCCCACTTGTGGTTTTATATC,R
TXA0122224FJ959346_4MPLXID34,TTTTGCATGAGATCAAGACCGAT,R
TXA0122226FJ959346_2MPLXID32,CATATTCTGTATTTGCGCGGCTT,R
TXA0122225FJ959346_7MPLXID37,AGAGTTTCTGTCAAGCTCTTAAAT,R
TXA0122221FJ959346_8MPLXID38,TCACAACAACTAAAAGCACTGTAA,R
TXA0122228FJ959346_3MPLXID33,TCCTAGTGTCATGTCTTTTTCCC,R
TXA0122222FJ959346_1MPLXID31,CTTGAACAATCTGACTCGGGGTT,R
TXA0122223FJ959346_5MPLXID35,AGCCTGCACTTTTTCACTAAATGG,R
TXA0122518FN396876_1MPLXID324,ATCTCGGTGATGCCGACACT,R
TXA0122516FN396876_6MPLXID329,CTCGCATTTGCGGGGTTTTTAAT,R
TXA0122519FN396876_5MPLXID328,CAAATGGAAACTGGCGACCAAC,R
TXA0122514FN396876_3MPLXID326,GACAAGATGGGCGGTATGGAC,R
TXA0122517FN396876_4MPLXID327,CTTCCAACGGTTTGATCGTCAGG,R
TXA0122515FN396876_2MPLXID325,CCAACTTTGGCCCGCTCA,R
TXA0122419GQ214053_5MPLXID231,ATGGTAGTCTAGCCCTCCTTTCA,R
TXA0122418GQ214053_3MPLXID229,TGCGATGGCAAACTTCAGTA,R
TXA0122421GQ214053_2MPLXID228,TCCTATGCCAATATGGAGAGGGT,R
TXA0122420GQ214053_1MPLXID227,TTAGCCTACAGGGTGCCAATTTA,R
TXA0122417GQ214053_4MPLXID230,GCTAACTTGCGTGATACGACATT,R
TXA0122690GQ260093_4MPLXID501,CTTCGGCAATAACGGCATC,R
TXA0122688GQ260093_2MPLXID499,ATTTCCGATGAGCCAATCAACCA,R
TXA0122689GQ260093_1MPLXID498,CGCTATTGAGTTCGAGTTCCCAT,R
TXA0122691GQ260093_3MPLXID500,GGTGTAAATCGCCAAGACAATC,R
TXA0122229GQ302618_2MPLXID40,TGTCACCATGGAAATGTGTGGAA,R
TXA0122233GQ302618_1MPLXID39,TTTTCACAAGAACCACCAAACCG,R
TXA0122234GQ302618_3MPLXID41,GCTTGTACCTTATTGTCTTTTTTAAG,R
TXA0122230GQ302618_4MPLXID42,GGTTTAACAAAGCAACCACCGAA,R
TXA0122232GQ302618_5MPLXID43,CTGCTCCCATGTACGTTTCAAGA,R
TXA0122231GQ302618_6MPLXID44,GTGCTGAAGCGCCTTGTTAG,R
TXA0122699GU067642_173_3MPLXID516,ACCAAGTTGAAACCTTCAGGTAA,R
TXA0122700GU067642_173_2MPLXID515,CCCCCACCCGAAATATATACATGA,R
TXA0122698GU067642_173_1MPLXID514,TGTTTTCCTTCCAACAAGAAGCC,R
TXA0122701GU067642_173_4MPLXID517,TAAAAACTGTCCAAGGAGCGGAG,R
TXA0122705GU323019_6MPLXID513,CAATCAGCCGACGCGTTA,R
TXA0122704GU323019_3MPLXID510,TGTATTTCGCTGGCTCTTTTTTA,R
TXA0122702GU323019_5MPLXID512,CCCATGGCCAGGAATTACTATCT,R
TXA0122707GU323019_4MPLXID511,CACAAAACAGCCGCCAAATAAGA,R
TXA0122703GU323019_1MPLXID508,TGAAAGCATTACCCTTATCTATGAC,R
TXA0122706GU323019_2MPLXID509,TTTAATTCCTGCGGTTCTATCCT,R
TXA0122684GU390399_5MPLXID488,CACAATCATGAGATCCTTGACCA,R
TXA0122681GU390399_2MPLXID485,AGTGCAAAAAGTGTATGAGGTAT,R
TXA0122685GU390399_1MPLXID484,TTTGGCTTGAAATTCGCTGAAAA,R
TXA0122682GU390399_4MPLXID487,ATAGAGCTTCCTGAGAAATGCAA,R
TXA0122687GU390399_6MPLXID489,CTCCCTCTTGAAAAGATCATCCA,R
TXA0122683GU390399_7MPLXID490,TAGTTTGGCTGTGAGCAATTATG,R
TXA0122686GU390399_3MPLXID486,TAGCTCATACACCCAAACAGTAG,R
TXA0122429GU441460_6MPLXID237,GTTCGGCAGAGTAATAATACCGAT,R
TXA0122425GU441460_8MPLXID239,TCCCATCCTTAAGAAAAAGGAAATTG,R
TXA0122424GU441460_2MPLXID233,ATTCGGCAGAAGCTCCGATTTTT,R
TXA0122428GU441460_5MPLXID236,GGTCCGGTAGTAGTTTCAATCA,R
TXA0122426GU441460_1MPLXID232,TCTTCAATTCCCAAAACGGCAAC,R
TXA0122423GU441460_4MPLXID235,GTAGCGTCGGGAGTTGTCC,R
TXA0122422GU441460_7MPLXID238,TCTTTTCGTTAACATCGCTCTTT,R
TXA0122427GU441460_3MPLXID234,CACAACCGTTATTATCGCTACGC,R
TXA0122275HQ122933_1MPLXID81,TAAATCATTGCCATAGACCTGTACTT,R
TXA0122273HQ122933_2MPLXID82,GTAAAGCTGCGTTTCTTGCCATC,R
TXA0122271HQ122933_5MPLXID85,ATAAGCTTTCCGCTCCTGTAAAA,R
TXA0122272HQ122933_6MPLXID86,TAATTCGGCCAAAGCCTGCTG,R
TXA0122276HQ122933_3MPLXID83,TTGGATGCGTTGTACTTCCTGTT,R
TXA0122277HQ122933_7MPLXID87,CCTTCAGCTTTTGGATAAAGCCCTA,R
TXA0122274HQ122933_4MPLXID84,TTGCTGGACTTGAGGATCAAAGG,R
TXA0122240HQ219687_4MPLXID48,TGTATAGGTGTAATTGTCAAAGGC,R
TXA0122235HQ219687_3MPLXID47,GCTTCGCCCAAAGTAAAATCT,R
TXA0122236HQ219687_2MPLXID46,CCAATTAGTGCATTGGCAATTTT,R
TXA0122237HQ219687_7MPLXID51,TGAAAAACACCCAACTTATCTAGC,R
TXA0122238HQ219687_5MPLXID49,AGCCACTTTTAGCATATAGACGA,R
TXA0122239HQ219687_6MPLXID50,GCATATTTAAAGCAAATGCCACC,R
TXA0122241HQ219687_1MPLXID45,ACATTCTGATCGATGATTGAGTT,R
TXA0122527HQ418999_1MPLXID330,CCTTTCTGGCTTTCACGATCATA,R
TXA0122528HQ418999_2MPLXID331,GCGAAAATCCGCCATGGATAAAT,R
TXA0122526HQ418999_5MPLXID334,CGATGCCAAGTCGCTCC,R
TXA0122529HQ418999_4MPLXID333,GCAATGTGTAAAGTTTGCTGCTC,R
TXA0122525HQ418999_3MPLXID332,ACACTTCTCCAACACGACTTTC,R
TXA0122680HQ541434_7MPLXID497,GTCCTTGGGGCCTTGATGTC,R
TXA0122676HQ541434_6MPLXID496,ATGGTGGGCATCGGATTCGTAA,R
TXA0122678HQ541434_3MPLXID493,GGCGTTGTCGCTGGTCA,R
TXA0122677HQ541434_5MPLXID495,GCCGGTGCCGGTTTCA,R
TXA0122674HQ541434_4MPLXID494,GGGCGGCAGCAGATTCAT,R
TXA0122675HQ541434_2MPLXID492,GTGCGGTGCCGTCGAG,R
TXA0122679HQ541434_1MPLXID491,CCGTTGCGCAGTTCCAGT,R
TXA0122441HQ674770_300_8MPLXID257,CGCTCTCGCGGTATGGTC,R
TXA0122437HQ674770_299_1MPLXID240,GACCGTTAAAACTATCCCACTGA,R
TXA0122447HQ674770_300_7MPLXID256,TCGCGATCGACCTGCAC,R
TXA0122444HQ674770_300_4MPLXID253,CCTCTTCGATATTACGCTCGAC,R
TXA0122448HQ674770_300_6MPLXID255,GATCCTGGATGTACAGGGAGTAG,R
TXA0122452HQ674770_300_1MPLXID250,CTCGGCGGGACGACAT,R
TXA0122449HQ674770_300_11MPLXID260,TCAGCCAGACGCCAAACAG,R
TXA0122443HQ674770_300_13MPLXID262,CAGCATCCCGGAGAACAC,R
TXA0122442HQ674770_300_5MPLXID254,ACCGCGAACTGTTTGTAGAACTG,R
TXA0122430HQ674770_299_7MPLXID246,GTCGATCAGCGTGGCTTTGA,R
TXA0122450HQ674770_300_10MPLXID259,ATCCGTCCACTCAATATTCATCC,R
TXA0122440HQ674770_300_9MPLXID258,CCTGCGAAGAAGAGAGGAC,R
TXA0122432HQ674770_299_6MPLXID245,TTATCGAGAAAATCCACTTTGCC,R
TXA0122431HQ674770_299_5MPLXID244,TTTGATAGTGGAGGTAGGTTGAC,R
TXA0122446HQ674770_300_14MPLXID263,CGGGTCACCAGTTTCCGTA,R
TXA0122434HQ674770_299_3MPLXID242,CTGCTCCCACTCTTCACG,R
TXA0122435HQ674770_299_9MPLXID248,TGATTAGGGATCAGTTAAGGGTG,R
TXA0122433HQ674770_299_4MPLXID243,AATAGGGGCGGTCACTTTG,R
TXA0122453HQ674770_300_2MPLXID251,CGGAAGGTGACGGTGGTG,R
TXA0122445HQ674770_300_12MPLXID261,ATGATGCCTTTCCCCTGGATCTC,R
TXA0122451HQ674770_300_3MPLXID252,GCACAGCGATCAACGGGATAA,R
TXA0122438HQ674770_299_2MPLXID241,GCGCGATAGGTTCTGTCATCTA,R
TXA0122439HQ674770_299_10MPLXID249,AGCAGTGGGATAGCGATTAAC,R
TXA0122436HQ674770_299_8MPLXID247,GGATTCAACCCCTTCTGAACGAT,R
TXA0122524JF775514_1MPLXID335,CGAGTTTTCGACTTTCGACTGG,R
TXA0122522JF775514_2MPLXID336,CGAATACCAATCTAAGCTACGCCAA,R
TXA0122520JF775514_3MPLXID337,CTGTGATTTATCCATGGCGGATT,R
TXA0122523JF775514_4MPLXID338,CTGAGCGGCACTGAATTTATCGG,R
TXA0122521JF775514_5MPLXID339,GATTTGACGCATAACCCCATCAG,R
TXA0122316JN173057_2MPLXID148,CCCTGTGCTCGGCAGT,R
TXA0122315JN173057_5MPLXID151,GTTTCGACGCGATGATAAAATGC,R
TXA0122318JN173057_4MPLXID150,GCCCCGAATATCTAAATCACCCA,R
TXA0122319JN173057_3MPLXID149,CCACAATTCGCACTTTTCAAGCA,R
TXA0122317JN173057_1MPLXID147,AAATTGCACCCTTTCTGGCTTTC,R
TXA0122249JQ676953_5MPLXID56,TCCATTAGATTTTTCTACCCAACCTG,R
TXA0122252JQ676953_6MPLXID57,TTCATTACGAATAGAACCAGGCAT,R
TXA0122250JQ676953_4MPLXID55,GGGCCAACCAACCAGAAGTTA,R
TXA0122251JQ676953_2MPLXID53,AGATCTCTTTTTACCGTCCCATT,R
TXA0122253JQ676953_3MPLXID54,TTGCATTAGGTCTAAGCCAGTCC,R
TXA0122248JQ676953_1MPLXID52,GGGACATATTCTGTATGTGCTCGT,R
TXA0122638JQ776508_2MPLXID447,AAATCAGCTCCTTGAGCTAAACA,R
TXA0122637JQ776508_3MPLXID448,CCAGTTATCACAGTGCCATTCCA,R
TXA0122640JQ776508_1MPLXID446,CCTGTCGTAAAAACTACAATCAAC,R
TXA0122641JQ776508_5MPLXID450,TCGGTGAACAATAACACCTAAAC,R
TXA0122639JQ776508_4MPLXID449,AACGATGAAAACTCCCCACAAGA,R
TXA0122636JQ776508_6MPLXID451,AAGACAAGATGAAGATGTCGCTT,R
TXA0122359M11180_205_3MPLXID168,CGGTGAATATCCAAGGTACGC,R
TXA0122358M11180_205_4MPLXID169,ATCTGGAACATCTGTGGTATGGC,R
TXA0122360M11180_205_1MPLXID166,GCCCTTTACCTGTTCCAATTTC,R
TXA0122361M11180_205_2MPLXID167,AAGTGACACGAATGTTCAGTTTT,R
TXA0122356M11180_205_5MPLXID170,TTTGGCGTGTTTCATTGCTTGAT,R
TXA0122357M11180_205_6MPLXID171,TTCCAAATTTACAAAAGCGACTCA,R
TXA0122309M14730_208_6MPLXID116,AAATTTTTCAGGGACAACTTCCA,R
TXA0122311M14730_208_2MPLXID112,GGAACCTCCCAGAAAATTTCCAA,R
TXA0122314M14730_208_1MPLXID111,CCTTGCCTGCCCCAATATCTAAA,R
TXA0122310M14730_208_4MPLXID114,AACAGGGCTGATTTGACAGTTGG,R
TXA0122313M14730_208_5MPLXID115,ACCTGACCTGACTTTTCCTGA,R
TXA0122312M14730_208_3MPLXID113,ATATGGATTGTAAAGCTTCCTCG,R
TXA0122590M15332_209_2MPLXID394,GCTTATTACGAGTTACCTCACAT,R
TXA0122583M15332_209_3MPLXID395,TGTTGTAAGGTATGCTGCCAAAT,R
TXA0122585M15332_209_6MPLXID398,CAGTTTTTCATACTCTTTGTTAACCC,R
TXA0122587M15332_209_4MPLXID396,CCTTTTAGCAAAACCATATTCCAC,R
TXA0122586M15332_209_1MPLXID393,GTAAAATGACCTTTCCCTGCAC,R
TXA0122589M15332_209_5MPLXID397,GCGCTATCCACTTTAGGTTTTGG,R
TXA0122588M15332_209_7MPLXID399,GCATGTGGCCTATTGTTTTAGCC,R
TXA0122584M15332_209_8MPLXID400,CGGTATACGGGAACATATCCAAT,R
TXA0122612M36726_221_1MPLXID418,CGTCCACTTCAACTGCCGTTATC,R
TXA0122611M36726_221_2MPLXID419,TGGTGAGGTGAAAGGGAATGTTT,R
TXA0122613M36726_221_4MPLXID421,TGTGCACCATCGCCTGAAAG,R
TXA0122608M36726_221_6MPLXID423,TACTGGTGGATTTCGGTTTTGGT,R
TXA0122609M36726_221_3MPLXID420,GGTGAAATGTGAACCATGGGGAC,R
TXA0122610M36726_221_5MPLXID422,GATCCAGTCGTTGGTGTAGCAAT,R
TXA0122531M37839_1MPLXID340,CGAAGGTAAAGTAGTGTGGCTGA,R
TXA0122536M37839_7MPLXID346,CTTGTTATCACTGCCTCCGACGA,R
TXA0122533M37839_8MPLXID347,ATAAATGCCACGTAGCTGCCAAA,R
TXA0122534M37839_5MPLXID344,CGGTATCCCCAGGCGAAATG,R
TXA0122532M37839_2MPLXID341,TACTTATAGAGCCCAGCTCAAAC,R
TXA0122535M37839_3MPLXID342,GCGGTATAGGTTGCCAGATCC,R
TXA0122538M37839_4MPLXID343,AAAAAGACCGATGCTGGCGTTAG,R
TXA0122530M37839_9MPLXID348,CCAGCACACTGTGGTTTTGTAGG,R
TXA0122537M37839_6MPLXID345,GAGTGAGGGAGCCTGAAGAGAAT,R
TXA0122894M74717_268_8MPLXID703,CGGTGGCCAGACCCTC,R
TXA0122895M74717_268_4MPLXID699,GTGGTCGGTGATCCCGTT,R
TXA0122890M74717_268_7MPLXID702,TCCACGTTGTCCGGTA,R
TXA0122888M74717_268_6MPLXID701,TGCTTGGTGAAGGCCGAAC,R
TXA0122896M74717_268_3MPLXID698,GGGAGATCACGGGCACCT,R
TXA0122891M74717_268_9MPLXID704,TCCTCGGTCGGGAGGG,R
TXA0122892M74717_268_1MPLXID696,AGGAGCCGCGGGATCG,R
TXA0122889M74717_268_5MPLXID700,GCCTTGGGGATCAGCAC,R
TXA0122893M74717_268_2MPLXID697,GGAAGGGCTCCACGTTGTC,R
TXA0122242NC_012813_1MPLXID58,TATGCAAAAAGTGGATGGGGAAT,R
TXA0122244NC_012813_4MPLXID61,ATGTCCCTGCATCAACATTTAAG,R
TXA0122243NC_012813_3MPLXID60,TATGACTTTAGGTGAGGCAATGG,R
TXA0122246NC_012813_5MPLXID62,TTTGATGAAGCTCAAACACAGGG,R
TXA0122247NC_012813_6MPLXID63,AGCCCCAAAATTTCCCCTAACAT,R
TXA0122245NC_012813_2MPLXID59,GGCCCCCTTAAAATTACACCAGTA,R
TXA0122456U36578_275_1MPLXID264,CACCCACCGACGTCCATC,R
TXA0122458U36578_275_6MPLXID269,GAGGGCGAAGAGTGCGTAG,R
TXA0122454U36578_275_2MPLXID265,GTCGAGTCTTCGAGCATGGGATA,R
TXA0122455U36578_275_4MPLXID267,GAAATCTGGCCACGACGAA,R
TXA0122457U36578_275_5MPLXID268,TCGATGGCAGGGTCATCAAC,R
TXA0122459U36578_275_3MPLXID266,ATGAGCATCCCCGCATCCA,R
TXA0122460U36578_275_7MPLXID270,GCCGATCCGAAGAGAAAGGTC,R
TXA0122886U59450_219_2MPLXID706,GTCATGGGCTCGACCATAGG,R
TXA0122887U59450_219_1MPLXID705,TCAACGCGCCTTTGCC,R
TXA0122842U92073_277_2MPLXID648,ACGTTTTTCTGGAGAGGTAAGAT,R
TXA0122843U92073_277_1MPLXID647,AAGGTTAGACGAGGTGTCTCATT,R
TXA0122844U92073_277_9MPLXID655,CAACTAGTACAGCTGGGTGATAA,R
TXA0122839U92073_277_8MPLXID654,AGTTGTTTTACAAGATCGTCAATACC,R
TXA0122840U92073_277_3MPLXID649,ATAATCAAAACCGACAACAGCAG,R
TXA0122841U92073_277_4MPLXID650,TAGACTGGTCCCTTGAAATTACG,R
TXA0122838U92073_277_6MPLXID652,AATATAAACACCGTCTGCAGGTA,R
TXA0122837U92073_277_5MPLXID651,CATGTACTACCATGCCACAGGTT,R
TXA0122845U92073_277_7MPLXID653,AAACGAAGTTCTGTACCACCAAA,R
TXA0122820X03216_203_1MPLXID624,AGTGGGTAAACCGTGAATATCGT,R
TXA0122814X03216_203_4MPLXID627,AGCGGTAAACCCCTCTGAGAATA,R
TXA0122816X03216_203_2MPLXID625,ATGCTCAAAAAAGTACCACCACT,R
TXA0122815X03216_203_5MPLXID628,TTTACCAAAGAGCTAGTCAAAATGAG,R
TXA0122817X03216_203_3MPLXID626,TTACCTTTGAAAGTCAGGCTAAA,R
TXA0122818X03216_203_7MPLXID630,TGGTTATAATGAACGCTTAATGTCAG,R
TXA0122819X03216_203_6MPLXID629,AAAACCCTAAAGACACGCAAAA,R
TXA0122737X65876_358_4MPLXID542,GTCTGTACCGCCGGTTTAAAGATA,R
TXA0122733X65876_358_3MPLXID541,AATCAGCCCGGCACCAAAG,R
TXA0122730X65876_358_9MPLXID547,TCCACCATACCGCACAACAG,R
TXA0122731X65876_358_7MPLXID545,GATGCCCCGGCAGAGATAATG,R
TXA0122735X65876_358_8MPLXID546,CACTCTGCTGTGTCTGACTGAA,R
TXA0122736X65876_358_5MPLXID543,CGTAAACAATACCCAGACAGTGG,R
TXA0122732X65876_358_6MPLXID544,GGTTTTCTCACTCAGCCGTTTTG,R
TXA0122729X65876_358_1MPLXID539,AGCGCCAGCAGAATGCC,R
TXA0122734X65876_358_2MPLXID540,TAATCCGCCCGAGATACAACATC,R
TXA0122462X68227_60_1MPLXID271,TACGGCCACAGTAACCAACAAAT,R
TXA0122465X68227_60_3MPLXID273,AACGCTATGTTCTCTTGCTTTTG,R
TXA0122466X68227_60_4MPLXID274,GTAAGCACTACATTTCGCTCATC,R
TXA0122463X68227_60_5MPLXID275,GAGGCCAAGTGATCTTCTTTTTG,R
TXA0122464X68227_60_6MPLXID276,ACGCCGGAGTTAAGCC,R
TXA0122461X68227_60_2MPLXID272,TCATGCACGACAAGGGTG,R
TXA0122769X92507_1MPLXID566,GAATTATCGGCGGTGTTAATCAG,R
TXA0122763X92507_7MPLXID572,GCGATACCTCGCTCCATTTA,R
TXA0122765X92507_6MPLXID571,GGTTGGGTAAAGTAGGTCACCAG,R
TXA0122767X92507_5MPLXID570,TAGTATTGCCCTTAAGCCACGTC,R
TXA0122764X92507_4MPLXID569,CCTGGAATGGCGGTATTGAGC,R
TXA0122766X92507_3MPLXID568,GCTTATTCATGGCAGTATTGTCG,R
TXA0122768X92507_2MPLXID567,TGATTTAGCAGGTGCTTATCGC,R
TXA0122545X92508_7MPLXID355,TCTGCTCGGTGACGGGATA,R
TXA0122544X92508_8MPLXID356,GGCACGAAGGCCACATAGG,R
TXA0122539X92508_9MPLXID357,TATTCCCCCAGCACCAGAAAAAG,R
TXA0122543X92508_5MPLXID353,CCTGCTTCGGCACATTGAC,R
TXA0122541X92508_1MPLXID349,CGGGATCCTGTGCTCCTTG,R
TXA0122540X92508_6MPLXID354,CCGATGTTGGCCTTCACAAAAC,R
TXA0122542X92508_2MPLXID350,GTCTTGCTCACGGATCCTATCTC,R
TXA0122546X92508_4MPLXID352,TTGGAGTACTGGCGATGGGA,R
TXA0122547X92508_3MPLXID351,CAAGCTCCCCCATGGTGAT,R
TXA0122580X92946_261_4MPLXID385,AAAATAACCCAATGAATCGGCAT,R
TXA0122573X92946_261_11MPLXID392,AGCGCCTCTTTCTTTTTTATACT,R
TXA0122574X92946_261_2MPLXID383,ATTACTGCCACCACAGCATCATA,R
TXA0122579X92946_261_7MPLXID388,CCAATGATAAGATAAGCCGCAAT,R
TXA0122572X92946_261_8MPLXID389,TATTGGGCTTCAAATGATTGCTG,R
TXA0122578X92946_261_1MPLXID382,TTCTTCACCTGTTTCAAGGGTCA,R
TXA0122575X92946_261_9MPLXID390,AGCATGTTTTGAACACCTATGGA,R
TXA0122582X92946_261_3MPLXID384,TGGGCATAATAGATTGGACTGTT,R
TXA0122576X92946_261_10MPLXID391,TTCCGAACTGAGGGCGTACAATA,R
TXA0122581X92946_261_6MPLXID387,TTGTGGTCACTAGAGGATAAAGA,R
TXA0122577X92946_261_5MPLXID386,CTTCAAGCGTATCCCTAATCACA,R
TXA0122758X93314_3MPLXID575,GCCACATTGTCGCTGTGTGA,R
TXA0122757X93314_2MPLXID574,CTGCAGCACGATTAACAGTAACA,R
TXA0122762X93314_1MPLXID573,CCCACACTGCTACACCTACAG,R
TXA0122756X93314_4MPLXID576,GCTTTCATCGACGTCCAGTTTTG,R
TXA0122759X93314_6MPLXID578,CAAATACCGCCACCAATAAAGGC,R
TXA0122760X93314_7MPLXID579,AAGTCGCTTAGATAGTGCTGATT,R
TXA0122761X93314_5MPLXID577,CCTTTTAACCGCTGTGGTCCT,R
